method,budget,coverage
aider_repomap,125,0.025108734603437995
aider_repomap,250,0.04485092011558336
aider_repomap,500,0.0837640498742136
aider_repomap,1000,0.16483996800299217
aider_repomap,2000,0.25345899958664664
aider_repomap,4000,0.39730721360080384
aider_repomap,8000,0.5714001893732096
aider_repomap,16000,0.7219700996029734
aider_repomap,32000,0.8269458458778778
aider_repomap,64000,0.8886188980435243
betweenness,125,0.01192249639968982
betweenness,250,0.0193896271018979
betweenness,500,0.03895129578310271
betweenness,1000,0.08237693993504494
betweenness,2000,0.16036948908369567
betweenness,4000,0.2750635416936357
betweenness,8000,0.4558371954075718
betweenness,16000,0.6689354529594119
betweenness,32000,0.8243204939394706
betweenness,64000,0.9198017087130212
bfs_fwd,125,0.03067070601008957
bfs_fwd,250,0.057637934198607986
bfs_fwd,500,0.11242210949239899
bfs_fwd,1000,0.20107953729126068
bfs_fwd,2000,0.3095659226952855
bfs_fwd,4000,0.44346620619420385
bfs_fwd,8000,0.5678699056230967
bfs_fwd,16000,0.6587777375803342
bfs_fwd,32000,0.7123716043324808
bfs_fwd,64000,0.7437296686588002
bfs_rev,125,0.008696899774651387
bfs_rev,250,0.018316197253865043
bfs_rev,500,0.03215765607047755
bfs_rev,1000,0.05777949359514496
bfs_rev,2000,0.10083813493108365
bfs_rev,4000,0.15749590559122348
bfs_rev,8000,0.21935418741080043
bfs_rev,16000,0.28401794883364284
bfs_rev,32000,0.36512617741181297
bfs_rev,64000,0.414661617493636
bfs_und,125,0.02542346680368228
bfs_und,250,0.05053013603440016
bfs_und,500,0.09758173856176146
bfs_und,1000,0.18027832771487526
bfs_und,2000,0.29227708804694574
bfs_und,4000,0.4385479606559154
bfs_und,8000,0.6061830680067317
bfs_und,16000,0.7498233029915469
bfs_und,32000,0.8514274776744292
bfs_und,64000,0.9142650020538228
bm25,125,0.008040274618664448
bm25,250,0.025725328853506816
bm25,500,0.05727912332406087
bm25,1000,0.11228522208166497
bm25,2000,0.21373393302044183
bm25,4000,0.34548328041331955
bm25,8000,0.5044257429243146
bm25,16000,0.6709030488464044
bm25,32000,0.8108808872243297
bm25,64000,0.8867634822529152
closeness,125,0.022000863480175548
closeness,250,0.03358301009702041
closeness,500,0.06150671023609168
closeness,1000,0.11268685885678509
closeness,2000,0.1920328698590376
closeness,4000,0.33096395977193577
closeness,8000,0.49623681977965073
closeness,16000,0.6726538156209744
closeness,32000,0.8295808632805921
closeness,64000,0.9260648010887658
closure_comb,125,0.01059577173661795
closure_comb,250,0.02122365618956373
closure_comb,500,0.0392741003399684
closure_comb,1000,0.0805597191568094
closure_comb,2000,0.14774456534202557
closure_comb,4000,0.25256515561317683
closure_comb,8000,0.3979048895473357
closure_comb,16000,0.5669529977777189
closure_comb,32000,0.707672217254847
closure_comb,64000,0.800778907721753
closure_fwd,125,0.017135777480759184
closure_fwd,250,0.03278678667036213
closure_fwd,500,0.059144423963244284
closure_fwd,1000,0.11053625148366997
closure_fwd,2000,0.17752983986928492
closure_fwd,4000,0.2734369377810675
closure_fwd,8000,0.40568496882742616
closure_fwd,16000,0.5450871822484763
closure_fwd,32000,0.6507853806895089
closure_fwd,64000,0.7150306497691034
closure_fwd_trim,125,0.03067070601008957
closure_fwd_trim,250,0.057637934198607986
closure_fwd_trim,500,0.11242210949239899
closure_fwd_trim,1000,0.20107953729126068
closure_fwd_trim,2000,0.3095659226952855
closure_fwd_trim,4000,0.44346620619420385
closure_fwd_trim,8000,0.5678699056230967
closure_fwd_trim,16000,0.6587777375803342
closure_fwd_trim,32000,0.7123716043324808
closure_fwd_trim,64000,0.7437296686588002
closure_rev,125,0.004212236381520178
closure_rev,250,0.00931781993644755
closure_rev,500,0.018113173027353196
closure_rev,1000,0.03210297166808221
closure_rev,2000,0.06176137433203065
closure_rev,4000,0.10728235282004486
closure_rev,8000,0.1750786841275375
closure_rev,16000,0.25793943852726847
closure_rev,32000,0.3464160784349448
closure_rev,64000,0.40089169924361545
cochange,125,0.010476147471486454
cochange,250,0.027128513035928295
cochange,500,0.062074807841165994
cochange,1000,0.12657523085371672
cochange,2000,0.22302793985548905
cochange,4000,0.3530026341383637
cochange,8000,0.4912555833466191
cochange,16000,0.6323285646827725
cochange,32000,0.7190273576307984
cochange,64000,0.7631140167714195
cosil_bfs,125,0.00589440072680483
cosil_bfs,250,0.016492918997539546
cosil_bfs,500,0.04462766861376892
cosil_bfs,1000,0.098465036761682
cosil_bfs,2000,0.18871133565368223
cosil_bfs,4000,0.3184864811193829
cosil_bfs,8000,0.4691554806879398
cosil_bfs,16000,0.6259543424808248
cosil_bfs,32000,0.7580599221402661
cosil_bfs,64000,0.8332145726553958
dfs_und,125,0.021842007496630997
dfs_und,250,0.0367513279210971
dfs_und,500,0.06242551892642973
dfs_und,1000,0.09754169050408083
dfs_und,2000,0.1388460492690589
dfs_und,4000,0.20220207216070296
dfs_und,8000,0.3058662048168368
dfs_und,16000,0.4652040499793059
dfs_und,32000,0.6666573363173083
dfs_und,64000,0.8043162643411126
directory,125,0.016204985119332115
directory,250,0.034564235794812985
directory,500,0.06829850389784885
directory,1000,0.12649161677590723
directory,2000,0.20796832810141405
directory,4000,0.3384024958687422
directory,8000,0.5030603190513943
directory,16000,0.6863881568591885
directory,32000,0.8546303364521285
directory,64000,0.9451642066163115
hits_auth,125,0.02837734250869844
hits_auth,250,0.047080953616150376
hits_auth,500,0.08141600761890275
hits_auth,1000,0.14564570411138295
hits_auth,2000,0.23383954326929499
hits_auth,4000,0.3839735437552089
hits_auth,8000,0.5584189805396313
hits_auth,16000,0.7457193230986865
hits_auth,32000,0.8679310322922836
hits_auth,64000,0.9502444362090595
ids_und,125,0.027198519122037586
ids_und,250,0.05001222503048402
ids_und,500,0.09662311104640467
ids_und,1000,0.1796514042338643
ids_und,2000,0.29745179901722923
ids_und,4000,0.45268786786663895
ids_und,8000,0.6158420645939717
ids_und,16000,0.7541999343849852
ids_und,32000,0.8593265208473988
ids_und,64000,0.9150794706426247
indegree,125,0.028712828115370487
indegree,250,0.04708277163491754
indegree,500,0.08524595938897492
indegree,1000,0.1532342180299816
indegree,2000,0.24713913639266152
indegree,4000,0.38651434924866923
indegree,8000,0.5721910496913588
indegree,16000,0.762370646054365
indegree,32000,0.8757554282255384
indegree,64000,0.9486057954221183
khop1_und,125,0.027000779009043234
khop1_und,250,0.049363718170112744
khop1_und,500,0.09489068692626869
khop1_und,1000,0.17256070303299362
khop1_und,2000,0.2769018230099048
khop1_und,4000,0.39580104369893276
khop1_und,8000,0.49783104467424577
khop1_und,16000,0.5510153817454251
khop1_und,32000,0.5741582377040347
khop1_und,64000,0.5811893303670886
khop2_und,125,0.005582854547986127
khop2_und,250,0.012914348686801465
khop2_und,500,0.028080446825359928
khop2_und,1000,0.06248448013752574
khop2_und,2000,0.12349922775373838
khop2_und,4000,0.23153395496905774
khop2_und,8000,0.3970378210089988
khop2_und,16000,0.5744325132819836
khop2_und,32000,0.7302764477632949
khop2_und,64000,0.8233109510785446
labelprop,125,0.008199742093646226
labelprop,250,0.019461335124508494
labelprop,500,0.038375042302829725
labelprop,1000,0.07181985254952303
labelprop,2000,0.13063931747589075
labelprop,4000,0.23490380861371185
labelprop,8000,0.37004902499532305
labelprop,16000,0.5192552399225195
labelprop,32000,0.6611832455746869
labelprop,64000,0.7482625242833001
locagent_bfs,125,0.024525408591480512
locagent_bfs,250,0.04697762885640419
locagent_bfs,500,0.09598356594653769
locagent_bfs,1000,0.18202639151678462
locagent_bfs,2000,0.30161677496446815
locagent_bfs,4000,0.4636661191661167
locagent_bfs,8000,0.6304941217299236
locagent_bfs,16000,0.7733911390620796
locagent_bfs,32000,0.8736879485583844
locagent_bfs,64000,0.9392536185562227
louvain,125,0.011619344660084938
louvain,250,0.024752590837094236
louvain,500,0.049125943020448634
louvain,1000,0.0940836905958343
louvain,2000,0.16895528967835138
louvain,4000,0.2725797257522733
louvain,8000,0.351257265240469
louvain,16000,0.40958237455345586
louvain,32000,0.4384550263507728
louvain,64000,0.4504236458454214
pagerank,125,0.02806139550842941
pagerank,250,0.04881532961273973
pagerank,500,0.09432113408653248
pagerank,1000,0.16994762190812787
pagerank,2000,0.27036739517848535
pagerank,4000,0.4180740541041652
pagerank,8000,0.586386934166156
pagerank,16000,0.7562171354695837
pagerank,32000,0.8788269310677825
pagerank,64000,0.953375089518838
ppr_fwd,125,0.03787984690028558
ppr_fwd,250,0.06959688271642643
ppr_fwd,500,0.12087227368368286
ppr_fwd,1000,0.21009280079673334
ppr_fwd,2000,0.3274415266718837
ppr_fwd,4000,0.47326304429677074
ppr_fwd,8000,0.6166516730777688
ppr_fwd,16000,0.7272534085456094
ppr_fwd,32000,0.7931151863518383
ppr_fwd,64000,0.8308863745120648
ppr_und,125,0.03326299075956355
ppr_und,250,0.056288506660963016
ppr_und,500,0.10796080688658762
ppr_und,1000,0.1976571450538856
ppr_und,2000,0.31768053373264216
ppr_und,4000,0.4761461754069848
ppr_und,8000,0.6465278459026655
ppr_und,16000,0.790244102877169
ppr_und,32000,0.8934802646288029
ppr_und,64000,0.9449811547789413
random,125,0.0038006509227199847
random,250,0.008272756778010497
random,500,0.0184529438471654
random,1000,0.04141246182316213
random,2000,0.09136091179969383
random,4000,0.1857926010104051
random,8000,0.3427163853393935
random,16000,0.5423270884042597
random,32000,0.7339892232947233
random,64000,0.8734428449201846
repograph_k1,125,0.009474072546260133
repograph_k1,250,0.021447766773124325
repograph_k1,500,0.04451783666593179
repograph_k1,1000,0.09383918696814968
repograph_k1,2000,0.17996659443730004
repograph_k1,4000,0.3042560633492576
repograph_k1,8000,0.4539504323569533
repograph_k1,16000,0.5906322003698217
repograph_k1,32000,0.6878170986735664
repograph_k1,64000,0.7343370785686205
repograph_k2,125,0.009329219830702883
repograph_k2,250,0.02134047354609983
repograph_k2,500,0.04505828090392307
repograph_k2,1000,0.09493820040571484
repograph_k2,2000,0.18475995124015526
repograph_k2,4000,0.32255460887688187
repograph_k2,8000,0.4846527395121511
repograph_k2,16000,0.65465344203053
repograph_k2,32000,0.7978275988264585
repograph_k2,64000,0.8740445585669777
robillard,125,0.028980485712140288
robillard,250,0.05083700132588159
robillard,500,0.09704366851038958
robillard,1000,0.1638048886259592
robillard,2000,0.2714213475484477
robillard,4000,0.41109201678219676
robillard,8000,0.5606563155504242
robillard,16000,0.7191732838603268
robillard,32000,0.8522664991067616
robillard,64000,0.9169220743013838
same_dir,125,0.014682897389796574
same_dir,250,0.03039031981802626
same_dir,500,0.05563456618810799
same_dir,1000,0.0981807769152893
same_dir,2000,0.15904596574398563
same_dir,4000,0.23074741401526536
same_dir,8000,0.2895351925498825
same_dir,16000,0.3411575144331525
same_dir,32000,0.3767756270707203
same_dir,64000,0.38806945784233204
seed_alone,125,0.0
seed_alone,250,0.0
seed_alone,500,0.0
seed_alone,1000,0.0
seed_alone,2000,0.0
seed_alone,4000,0.0
seed_alone,8000,0.0
seed_alone,16000,0.0
seed_alone,32000,0.0
seed_alone,64000,0.0
topo_fwd,125,0.02489353783142617
topo_fwd,250,0.043119575714172534
topo_fwd,500,0.07590788236313897
topo_fwd,1000,0.1342037273267727
topo_fwd,2000,0.20667612328547819
topo_fwd,4000,0.3004220174577881
topo_fwd,8000,0.4146526121794263
topo_fwd,16000,0.5529893343636736
topo_fwd,32000,0.655272160359307
topo_fwd,64000,0.7152663689412632
whole_repo,125,0.00873292625288611
whole_repo,250,0.016956505874770815
whole_repo,500,0.031226279130513512
whole_repo,1000,0.05093816377353894
whole_repo,2000,0.11311971085726599
whole_repo,4000,0.2082976814003681
whole_repo,8000,0.37661000090446367
whole_repo,16000,0.5669468607981404
whole_repo,32000,0.7446024884322407
whole_repo,64000,0.8749205949233054
oracle,125,0.19943937226355637
oracle,250,0.3305455547254367
oracle,500,0.4951790779389283
oracle,1000,0.6867799714461679
oracle,2000,0.8381539312307331
oracle,4000,0.9410023367800675
oracle,8000,0.9805151021209614
oracle,16000,0.9957349024042058
oracle,32000,0.9992464060047946
oracle,64000,0.9999521705154806
embedding,125,0.0
embedding,250,0.0
embedding,500,0.0
embedding,1000,0.0
embedding,2000,0.0
embedding,4000,0.0
embedding,8000,0.0
embedding,16000,0.0
embedding,32000,0.0
embedding,64000,0.0
