method,is_reference,n_prs,n_repos,mean_auc,ci_lo,ci_hi,median_auc,diff_vs_random,a12_vs_random,p_vs_random,p_holm_vs_random
oracle,True,49,29,0.6669462810320239,0.5997109910418932,0.7468794163959567,0.6458333333333334,0.4779253205143161,0.9812578092461475,1.1095728138421754e-09,3.7716593438354485e-08
ppr_fwd,False,49,29,0.35624177889874836,0.29612607043837375,0.4267155277342294,0.3531629318394024,0.1672208183810406,0.7623906705539358,1.992152246212597e-07,5.578026289395272e-06
robillard,False,49,29,0.3405194760453284,0.26618910342749064,0.4299001733530597,0.2835526315789474,0.15149851552762064,0.7076218242399,6.125362261855116e-08,1.898862301175086e-06
locagent_bfs,False,49,29,0.32566922884891586,0.25874744788136106,0.408967049705912,0.275,0.13664826833120808,0.6999167013744273,1.1779945907619549e-09,3.7716593438354485e-08
ids_und,False,49,29,0.3183990271678808,0.2496413494436441,0.407323821187496,0.2796052631578948,0.12937806665017307,0.6845064556434819,1.6707081704954464e-06,4.0096996091890716e-05
ppr_und,False,49,29,0.3162132272244848,0.25989589490804543,0.387280839872379,0.28,0.12719226670677694,0.7176176593086214,9.995305358518771e-08,2.9985916075556313e-06
bfs_und,False,49,29,0.3155334754907234,0.2458020704864547,0.40374859066814994,0.2833333333333333,0.12651251497301558,0.6909620991253644,1.6568287009022242e-07,4.80480323261645e-06
bfs_fwd,False,49,29,0.31390331011391165,0.24451477291961313,0.38424118052108325,0.2534090909090909,0.12488234959620385,0.6817992503123699,0.00011126247930885201,0.0021139871068681882
closure_fwd_trim,False,49,29,0.31390331011391165,0.24451477291961313,0.38424118052108325,0.2534090909090909,0.12488234959620385,0.6817992503123699,0.00011126247930885201,0.0021139871068681882
pagerank,False,49,29,0.3105007723295259,0.25485703107262914,0.3817088400103018,0.27976190476190477,0.12147981181181812,0.7094960433152854,3.256428506722301e-07,8.792356968150212e-06
aider_repomap,False,49,29,0.2938833399020423,0.2375097476074972,0.366281763146541,0.2621909340659341,0.1048623793843345,0.679716784673053,1.8905644526282526e-06,4.3482982410449806e-05
indegree,False,49,29,0.29036732147322875,0.23762228594729118,0.3624183965782138,0.25,0.10134636095552096,0.6847147022074136,4.27072918636795e-07,1.110389588455667e-05
directory,False,49,29,0.27786364073120884,0.2152896471045507,0.35469029494621607,0.25295454545454543,0.08884268021350106,0.6380674718867139,1.894463970596807e-05,0.0003978374338253295
hits_auth,False,49,29,0.2772062428839921,0.22379360975524826,0.3452715810642061,0.25,0.08818528236628437,0.6643065389421074,4.858422900636925e-06,0.00010688530381401235
cosil_bfs,False,49,29,0.25824633518933243,0.19723815458575802,0.3352970035104594,0.23055555555555554,0.06922537467162462,0.6005830903790087,0.0005569554097513779,0.009468241965773425
topo_fwd,False,49,29,0.24877472575609638,0.18875931333596882,0.32398005361192367,0.192,0.05975376523838856,0.5716368179925031,0.006615015436888638,0.09922523155332957
bm25,False,49,29,0.24751311946756394,0.18766170966748466,0.32398575404199137,0.17261904761904762,0.058492158949856154,0.5645564348188254,0.1318043887393994,1.0
repograph_k2,False,49,29,0.24553179390461363,0.19166632950540835,0.315331278991709,0.2,0.05651083338690587,0.5985006247396918,0.0008923465988891734,0.014277545582226775
cochange,False,49,29,0.23761004076200234,0.18099545867162678,0.3083660919925347,0.18333333333333332,0.048589080244294584,0.5572678050812162,0.09692844416387558,1.0
closure_fwd,False,49,29,0.23267615007132048,0.172675840807133,0.31066491047467126,0.18,0.043655189553612694,0.5497709287796751,0.013478387291879557,0.1886974220863138
closure_comb,False,49,29,0.2186442851759602,0.160426392000675,0.29418472567423426,0.17666666666666667,0.029623324658252417,0.5316534777176176,0.4182041404714104,1.0
repograph_k1,False,49,29,0.20994668091286475,0.16782788480435187,0.26329019006018456,0.16727272727272724,0.020925720395156947,0.5356101624323198,0.4180330369609422,1.0
khop1_und,False,49,29,0.20747532407695413,0.15262881564728736,0.2738989912385086,0.1725,0.01845436355924632,0.49833402748854644,0.7749480399920898,1.0
betweenness,False,49,29,0.20426319086514808,0.16037137904574947,0.26026034979479895,0.175,0.015242230347440284,0.5487296959600168,0.2424784387631841,1.0
khop2_und,False,49,29,0.20300186532351805,0.15376795092569762,0.2627127943211546,0.18677785508142652,0.013980904805810292,0.5331112036651395,0.39723003414062563,1.0
dfs_und,False,49,29,0.20119221370127416,0.1452470848829865,0.27297527989025044,0.15666666666666668,0.012171253183566341,0.5041649312786339,0.8735446308340012,1.0
closeness,False,49,29,0.20039660554241212,0.15249501232905227,0.2614781422587558,0.1561965811965812,0.01137564502470434,0.519783423573511,0.3529225223167778,1.0
labelprop,False,49,29,0.1961168790978584,0.14313331164972548,0.26652950770634654,0.18000000000000002,0.007095918580150631,0.4997917534360683,0.5370446350774886,1.0
random,True,49,29,0.1890209605177078,0.14287571806340743,0.24907545174014392,0.175,0.0,0.5,1.0,
louvain,False,49,29,0.18296845471766274,0.13463068005938422,0.23901429153614384,0.125,-0.006052505800045048,0.45085381091211996,0.4366904016716834,1.0
whole_repo,True,49,29,0.1712635113311833,0.11296704264692797,0.24244737118392418,0.125,-0.017757449186524468,0.42315701790920446,0.022143816376265398,0.2878696128914502
same_dir,True,49,29,0.16437190667696946,0.10682293966718057,0.2387023141392193,0.07777777777777778,-0.024649053840738323,0.36005830903790087,0.10293223263401532,1.0
bfs_rev,False,49,29,0.09042728998598513,0.05569236080225881,0.13729919605927038,0.025,-0.09859367053172265,0.23281965847563516,7.208134029453536e-05,0.0014416268058907074
closure_rev,False,49,29,0.07901578819877432,0.0474335268487297,0.11820134492911645,0.04878048780487805,-0.11000517231893348,0.21699291961682632,5.485763715362359e-07,1.3714409288405898e-05
seed_alone,True,49,29,0.0,0.0,0.0,0.0,-0.1890209605177078,0.0,1.1093115717163083e-09,3.7716593438354485e-08
