method,property,rho,p,n_repos,p_bh
closure_rev,loc_total,0.6933577066320429,2.405180458712433e-17,112,2.3811286541253087e-14
closure_rev,largest_loop,0.637401935448854,4.142765426176369e-14,112,1.6163856093699173e-11
bfs_rev,loc_total,0.6359978815731028,4.8981382102118714e-14,112,1.6163856093699173e-11
bfs_rev,largest_loop,0.6292112722974319,1.0875399170531564e-13,112,2.5923054316992744e-11
closure_fwd_trim,import_edges,0.6260245245737769,1.5710942010298634e-13,112,2.5923054316992744e-11
bfs_fwd,import_edges,0.6260245245737769,1.5710942010298634e-13,112,2.5923054316992744e-11
bfs_fwd,loc_total,0.6171797587726793,4.2675434310609084e-13,112,5.281084995937874e-11
closure_fwd_trim,loc_total,0.6171797587726793,4.2675434310609084e-13,112,5.281084995937874e-11
bfs_fwd,files,0.6019220508512209,2.2266853814790196e-12,112,2.2044185276642293e-10
closure_fwd_trim,files,0.6019220508512209,2.2266853814790196e-12,112,2.2044185276642293e-10
louvain,loc_total,0.5761181535517819,3.006800135727033e-11,112,2.6367713147555218e-09
ppr_fwd,import_edges,0.5754848740291233,3.1960864421279053e-11,112,2.6367713147555218e-09
ppr_fwd,loc_total,0.5713346089452285,4.753217329614749e-11,112,3.6197578125527707e-09
khop1_und,loc_total,0.5662777189325862,7.652268105279554e-11,112,5.411246731590542e-09
ppr_fwd,files,0.5512012819751644,3.020334615238842e-10,112,1.9934208460576354e-08
closure_fwd_trim,indeg_max,0.5327899742872891,1.4761193239364156e-09,112,8.596224298217949e-08
bfs_fwd,indeg_max,0.5327899742872891,1.4761193239364156e-09,112,8.596224298217949e-08
closure_rev,loc_mean,0.5304609286910172,1.792133139042281e-09,112,9.856732264732545e-08
closure_rev,share_in_loops,0.5297663075070778,1.8983377912949642e-09,112,9.891339017800078e-08
closure_fwd,files,0.5276027768770414,2.269289873123851e-09,112,1.1232984871963062e-07
closure_rev,import_edges,0.5201445332780816,4.15887755871808e-09,112,1.8313643683286508e-07
closure_fwd,import_edges,0.5199651480568465,4.219159393635073e-09,112,1.8313643683286508e-07
bfs_rev,share_in_loops,0.5198605805625929,4.254684896117067e-09,112,1.8313643683286508e-07
directory,modularity,0.5177503673078895,5.036063451924994e-09,112,2.07737617391906e-07
topo_fwd,import_edges,0.5147245369507627,6.4005823517093e-09,112,2.534630611276883e-07
topo_fwd,indeg_max,0.5076336278056347,1.1124921834047246e-08,112,4.2360279291179896e-07
bfs_rev,largest_loop_share,0.5034962683916907,1.5270968251061923e-08,112,5.599355025389372e-07
closure_rev,largest_loop_share,0.5017278462463622,1.7462736933919675e-08,112,6.174324844493028e-07
ppr_fwd,indeg_max,0.4999231157663437,2.0008484092980208e-08,112,6.830482500707037e-07
closure_fwd,loc_total,0.49501144633888,2.8863068239195226e-08,112,9.489393873761262e-07
bfs_rev,loc_mean,0.4946185123176274,2.9714263645111025e-08,112,9.489393873761262e-07
louvain,files,0.48815376455373544,4.7684221709171645e-08,112,1.4752306091274978e-06
topo_fwd,loc_total,0.48700755116684324,5.180281456951896e-08,112,1.5540844370855686e-06
topo_fwd,files,0.48215269674145256,7.333166584001147e-08,112,2.13524556416504e-06
bfs_rev,spl_mean,0.47794444254621243,9.868441300415123e-08,112,2.7913591106888493e-06
closure_rev,files,0.47753123384259843,1.0158224753852629e-07,112,2.793511807309473e-06
ppr_und,files,0.47607047569896804,1.1249148765855876e-07,112,3.0099073724857618e-06
bfs_fwd,spl_max,0.47521867875659746,1.1935975262522967e-07,112,3.0299014127942916e-06
closure_fwd_trim,spl_max,0.47521867875659746,1.1935975262522967e-07,112,3.0299014127942916e-06
bfs_fwd,spl_mean,0.47133290053644034,1.560954291163444e-07,112,3.7691335323214873e-06
closure_fwd_trim,spl_mean,0.47133290053644034,1.560954291163444e-07,112,3.7691335323214873e-06
repograph_k1,files,0.4703683934716387,1.6676022721364007e-07,112,3.930776784321516e-06
khop1_und,import_edges,0.4685328424827134,1.890048021718968e-07,112,4.272003135988713e-06
closure_fwd,indeg_max,0.46846593534676445,1.898668060439428e-07,112,4.272003135988713e-06
ppr_und,loc_total,0.4634485939795675,2.663491120136828e-07,112,5.7546375585223856e-06
bfs_rev,import_edges,0.4633904661406392,2.673871996889189e-07,112,5.7546375585223856e-06
louvain,density,-0.46209895103700416,2.9147090692757785e-07,112,6.1394935714532345e-06
ppr_fwd,spl_max,0.45883953427258817,3.6177487151803135e-07,112,7.461606725059397e-06
closure_fwd_trim,density,-0.4579048074623296,3.847436114958465e-07,112,7.61792350761776e-06
bfs_fwd,density,-0.4579048074623296,3.847436114958465e-07,112,7.61792350761776e-06
khop1_und,files,0.45239081737064324,5.511413442676516e-07,112,1.0698626094607355e-05
bfs_fwd,largest_loop,0.4513965470117074,5.87650110124406e-07,112,1.0976860547606828e-05
closure_fwd_trim,largest_loop,0.4513965470117074,5.87650110124406e-07,112,1.0976860547606828e-05
closure_rev,spl_mean,0.450404892882769,6.263451461398589e-07,112,1.1482994345897414e-05
ppr_und,import_edges,0.4500262671586211,6.417486084440387e-07,112,1.1551474951992696e-05
ppr_fwd,n_loops,0.44666837835855383,7.95033613433749e-07,112,1.4055058523203778e-05
ids_und,modularity,0.44320916734214433,9.889605016121816e-07,112,1.7176682396422104e-05
robillard,modularity,0.4420934841288824,1.0605478690813102e-06,112,1.810245500673271e-05
closure_rev,indeg_max,0.43724370127741297,1.4329101406811822e-06,112,2.404374642837916e-05
khop1_und,spl_max,0.43530015501808306,1.6144635275253323e-06,112,2.6350599099278938e-05
bfs_rev,files,0.4352076886810959,1.6236227727838538e-06,112,2.6350599099278938e-05
ppr_fwd,spl_mean,0.42910103529572563,2.35044541780926e-06,112,3.753130586501882e-05
repograph_k1,loc_total,0.42844329791232444,2.4449454743069818e-06,112,3.8001640428763546e-05
repograph_k1,import_edges,0.4283633661561295,2.4566717044857242e-06,112,3.8001640428763546e-05
bfs_und,modularity,0.42594902108176447,2.8370202162803706e-06,112,4.3210000217193344e-05
ppr_und,density,-0.4245566679194998,3.081034207785898e-06,112,4.571003366910671e-05
closure_fwd,density,-0.42448833156797766,3.0935073291213632e-06,112,4.571003366910671e-05
ppr_und,spl_max,0.42054989947646143,3.898801553016298e-06,112,5.676196378656081e-05
ids_und,spl_max,0.4194634366646009,4.153629934402682e-06,112,5.95955599283863e-05
ppr_und,n_loops,0.41773011661660986,4.593016869506905e-06,112,6.49583814401691e-05
closure_fwd_trim,n_loops,0.4166333961746875,4.893330704717204e-06,112,6.728329718986155e-05
bfs_fwd,n_loops,0.4166333961746875,4.893330704717204e-06,112,6.728329718986155e-05
closure_rev,outdeg_max,0.41530022083230334,5.2833787917906425e-06,112,7.101589803004911e-05
locagent_bfs,files,0.4152183667156269,5.308259044670337e-06,112,7.101589803004911e-05
ppr_fwd,density,-0.41319574947893534,5.9593633483690045e-06,112,7.789363723494185e-05
repograph_k1,density,-0.4131359551713534,5.979713565510688e-06,112,7.789363723494185e-05
ids_und,n_loops,0.41260851080540834,6.162085163590637e-06,112,7.922680924616533e-05
bfs_rev,spl_max,0.4117263928835276,6.4788701409115485e-06,112,8.223181332695427e-05
closure_rev,spl_max,0.40795716965800244,8.01376577387821e-06,112,0.00010042567235619528
closure_rev,loc_median,0.40525095157971347,9.320666427618924e-06,112,0.00011534324704178419
bfs_und,files,0.4018109988417793,1.127265847984235e-05,112,0.00013777693697585093
khop1_und,spl_mean,0.39961389961389965,1.271432519622117e-05,112,0.00015350221883242632
ids_und,files,0.3993131863347021,1.2924634369140295e-05,112,0.00015416130151143243
louvain,import_edges,0.3986067748145762,1.3431622786926995e-05,112,0.00015830126856021103
ppr_und,spl_mean,0.3982300884955753,1.370955903653611e-05,112,0.0001596760405431853
locagent_bfs,modularity,0.3975125568045922,1.4254017171368298e-05,112,0.000164086941856449
aider_repomap,files,0.3955066742219006,1.5885946837554617e-05,112,0.00018077111918596633
pagerank,import_edges,0.3949293777792557,1.6387217340247627e-05,112,0.0001843561950777858
bfs_und,n_loops,0.3938385521927802,1.7375228754445815e-05,112,0.00019173120313207336
locagent_bfs,density,-0.39377968360269244,1.743010937564303e-05,112,0.00019173120313207336
pagerank,indeg_max,0.39335999480669903,1.7826112808812518e-05,112,0.0001939324360519164
bfs_rev,loc_median,0.3921214375025427,1.9044625262331995e-05,112,0.00020493672836639863
ppr_und,modularity,0.39120852837667,1.9992384030962095e-05,112,0.00021205462178816874
bfs_und,spl_max,0.3910751755532561,2.0134479240492787e-05,112,0.00021205462178816874
ppr_fwd,largest_loop,0.3898063491359903,2.1534752219180347e-05,112,0.00022237015102728391
bfs_rev,outdeg_max,0.389781413148277,2.156316616022147e-05,112,0.00022237015102728391
betweenness,loc_total,0.389525745720436,2.1856530229858726e-05,112,0.00022307180337690865
bfs_und,density,-0.38176102777872684,3.2773057736820404e-05,112,0.0003310747669331857
closeness,import_edges,0.3793143213784061,3.7157090508026756e-05,112,0.00037157090508026756
khop1_und,largest_loop,0.3789025555196996,3.7946807666633035e-05,112,0.0003740975493058611
bfs_rev,indeg_max,0.3787036143043122,3.8333957118786754e-05,112,0.0003740975493058611
aider_repomap,import_edges,0.37859678049346557,3.85433838678766e-05,112,0.0003740975493058611
indegree,import_edges,0.3771360722634079,4.151638278036494e-05,112,0.0003990409607044785
louvain,n_clusters,0.3754320157686822,4.525549520314906e-05,112,0.00043079750241459204
ids_und,density,-0.3745181743059039,4.738818468624059e-05,112,0.00044680288418455413
closure_fwd,n_loops,0.3734957254590735,4.988556890449847e-05,112,0.0004659123888250329
khop1_und,indeg_max,0.37324858722720705,5.050741026913635e-05,112,0.0004673115529574298
bfs_und,loc_total,0.37219393856562,5.3243409111189334e-05,112,0.00048806458351923556
topo_fwd,hub_share_top5pct,0.3718266306761882,5.4228370141651876e-05,112,0.0004925329031214253
repograph_k1,indeg_max,0.37075388416297095,5.7203359823147556e-05,112,0.000514830238408328
dfs_und,modularity,0.3701951002835959,5.881273042164662e-05,112,0.0005245459740309023
ids_und,loc_total,0.36946554452527386,6.097763068146065e-05,112,0.0005389986997736254
bfs_und,depth_condensed,0.3683213244144872,6.452341033288756e-05,112,0.0005652935949518468
ids_und,spl_mean,0.36788526302161106,6.592465076434083e-05,112,0.0005725035461113808
locagent_bfs,import_edges,0.3661978448447603,7.161901492155616e-05,112,0.0006165463023681791
repograph_k2,files,0.36563801428503645,7.360740288856333e-05,112,0.0006282011108592905
repograph_k2,density,-0.3642498377011651,7.87622082591276e-05,112,0.0006664494545003105
topo_fwd,n_loops,0.36130697062892786,9.082264218529323e-05,112,0.0007619865742664432
indegree,indeg_max,0.3595277203739088,9.892682198460317e-05,112,0.0008230046534853541
locagent_bfs,n_loops,0.35918931936911835,0.00010054242443391819,112,0.000829475001579825
hits_auth,import_edges,0.35583194170338667,0.0001179569876303667,112,0.0009651026260666366
pagerank,files,0.3549386015663399,0.00012304201220497707,112,0.0009908677941430132
aider_repomap,n_loops,0.3549272675704281,0.00012310781684807135,112,0.0009908677941430132
closure_fwd,hub_share_top5pct,0.3545289916971333,0.0001254410710301986,112,0.0010015053251604565
aider_repomap,indeg_max,0.35306028811491325,0.00013440529093913076,112,0.0010644899042379157
topo_fwd,density,-0.3526839102060341,0.0001367964511311017,112,0.0010748292588872276
louvain,modularity,0.3524191068438856,0.00013850238835093643,112,0.001079664287145095
ids_und,import_edges,0.3519502845811561,0.0001415712291502728,112,0.0010949649754591411
dfs_und,density,-0.3514880240543958,0.00014465885293064065,112,0.001110172592258405
hits_auth,indeg_max,0.3498735612554611,0.00015593992909954715,112,0.0011875425369888592
bfs_und,import_edges,0.3483447442551675,0.0001673702885498692,112,0.0012648594325524467
labelprop,modularity,0.3477807769843168,0.00017177960796558434,112,0.0012872402046414306
locagent_bfs,loc_total,0.34763556223733216,0.00017293226991647504,112,0.0012872402046414306
ppr_und,indeg_max,0.3468790632280134,0.00017905398979826677,112,0.0013228615664200305
louvain,largest_loop,0.34522555658411846,0.00019314051794862175,112,0.0014163637982898927
louvain,spl_max,0.3442628843646364,0.00020180783480615175,112,0.0014690423268977225
closure_rev,outdeg_mean,0.3420148973246318,0.0002234695037878147,112,0.0016031507880430187
closure_rev,indeg_mean,0.3420148973246318,0.0002234695037878147,112,0.0016031507880430187
closeness,loc_total,0.3412290292821266,0.00023153652971843498,112,0.0016490731253327384
dfs_und,loc_total,0.339247275087983,0.00025309144732215506,112,0.0017897180917780962
repograph_k2,modularity,0.33908497625311784,0.00025493650582957857,112,0.0017899797217821472
khop1_und,loc_mean,0.33817951959544884,0.0002654602962342321,112,0.0018507443188161253
robillard,spl_max,0.33718860679426665,0.00027743666487884295,112,0.0019207153722381434
indegree,files,0.3366748535483174,0.000283840719382086,112,0.0019514049457518413
aider_repomap,density,-0.3365138210270954,0.00028587597242607624,112,0.0019518428462194169
closure_fwd_trim,nesting_max,0.33499280593601755,0.00030577591883409425,112,0.0020593072084745126
bfs_fwd,nesting_max,0.33499280593601755,0.00030577591883409425,112,0.0020593072084745126
closeness,indeg_max,0.33458923323519296,0.00031126664908531527,112,0.002082121504016636
ids_und,depth_condensed,0.33407234587592355,0.0003184320305982118,112,0.0021089141755139705
pagerank,hub_share_top5pct,0.33399391806471457,0.00031953245083545006,112,0.0021089141755139705
khop1_und,density,-0.3320805002220932,0.0003474917944583971,112,0.002278257460356378
directory,density,-0.33185840707964603,0.0003508792805961868,112,0.002285332156514638
louvain,spl_mean,0.33161922984931835,0.00035456138904287065,112,0.002294220752630339
closure_fwd_trim,n_clusters,0.3311416115314538,0.0003620211382194934,112,0.0023025795347259505
bfs_fwd,n_clusters,0.3311416115314538,0.0003620211382194934,112,0.0023025795347259505
repograph_k1,n_clusters,0.3310903247563069,0.00036283071456287704,112,0.0023025795347259505
betweenness,files,0.32993486421893486,0.0003815183916103039,112,0.002405752915249687
betweenness,import_edges,0.32837746070101764,0.00040811190114896026,112,0.0025571568489713334
closure_comb,n_loops,0.3265774899680522,0.00044096934606474277,112,0.002743141419392729
pagerank,n_loops,0.32645265999905293,0.0004433359869725623,112,0.002743141419392729
louvain,indeg_max,0.32601582732779266,0.0004517102119837731,112,0.0027775969556766175
pagerank,loc_total,0.3253408275532169,0.00046493684677917596,112,0.0028412807303171868
khop2_und,modularity,0.32481122082891994,0.00047556297750719087,112,0.0028883886363933677
closure_comb,files,0.323451148248084,0.0005038835808234575,112,0.0030417362500928225
robillard,n_loops,0.3229083805221086,0.0005156122493316332,112,0.003093673495989799
indegree,loc_total,0.3216762907028394,0.0005431737286645974,112,0.0032293047590241765
bm25,loc_total,0.32160795435131717,0.0005447413078353914,112,0.0032293047590241765
bfs_und,nesting_max,0.3206908766353231,0.0005661843908468476,112,0.003336443731776066
ppr_und,depth_condensed,0.3205466039554466,0.0005696274858432717,112,0.0033368710709162073
aider_repomap,depth_condensed,0.32036661308181186,0.0005739499595015692,112,0.00334241447003855
bfs_und,spl_mean,0.3196347422011139,0.0005918378459509324,112,0.003426429634452766
aider_repomap,loc_total,0.3181142583797451,0.0006306474754965366,112,0.0036204839055759
closure_comb,density,-0.31803737998428266,0.0006326704198632634,112,0.0036204839055759
locagent_bfs,spl_max,0.3150632234818342,0.0007156550101001097,112,0.004059516028777526
ids_und,nesting_max,0.3149574939852855,0.0007187807829284018,112,0.004059516028777526
locagent_bfs,nesting_max,0.3148594088678263,0.000721691738449338,112,0.004059516028777526
ppr_fwd,nesting_max,0.31461144972205574,0.0007290988651001346,112,0.004062140056553609
labelprop,loc_total,0.31456931014453143,0.0007303645758247903,112,0.004062140056553609
closure_comb,indeg_max,0.3122992322263168,0.0008015995148267611,112,0.0044334274842373934
bm25,modularity,0.3119469026548673,0.000813208877495274,112,0.004472648826224007
locagent_bfs,depth_condensed,0.31043283105597264,0.0008648699294737802,112,0.004730504034138356
hits_auth,files,0.3099071012496862,0.0008834986918555643,112,0.004805844532620927
labelprop,spl_max,0.30938145255350563,0.0009024906680283565,112,0.004882326564743568
robillard,depth_condensed,0.30284321588437585,0.0011720107783826238,112,0.006305927557602161
louvain,loc_mean,0.3019100010250453,0.0012159609631980507,112,0.006507034343600379
cosil_bfs,density,-0.299689069600574,0.0013266585324982006,112,0.007061247027813002
khop1_und,n_loops,0.29825000343156904,0.0014032020148204182,112,0.007428716549049273
closure_fwd,n_clusters,0.29744620025997753,0.0014476834509114824,112,0.007623439448948764
hits_auth,loc_total,0.2970154098472683,0.0014720468267843162,112,0.007710721473632133
betweenness,indeg_max,0.2967030663230191,0.0014899438189990531,112,0.007720030711084853
closure_fwd_trim,outdeg_max,0.2965770874275836,0.0014972180773013047,112,0.007720030711084853
bfs_fwd,outdeg_max,0.2965770874275836,0.0014972180773013047,112,0.007720030711084853
cosil_bfs,loc_total,0.29487989886219973,0.0015984130295584934,112,0.008199113467683464
locagent_bfs,n_clusters,0.29371936126597353,0.0016711430949905865,112,0.00852799826825093
khop1_und,n_clusters,0.29345437959438153,0.0016881647620727038,112,0.008570682638215267
dfs_und,n_loops,0.29270844445063593,0.0017369294780099614,112,0.008773266240968683
locagent_bfs,spl_mean,0.2925735469983258,0.0017458834411680768,112,0.008773728968306579
khop2_und,density,-0.2917364266921789,0.001802390272264119,112,0.009011951361320596
closeness,files,0.29081046481643585,0.0018668209366280502,112,0.009287199634481255
bm25,density,-0.290617418936003,0.001880513587882485,112,0.009308542260018302
louvain,n_loops,0.2900335165435081,0.0019224850830243457,112,0.009468956379075135
repograph_k2,import_edges,0.28942524123281516,0.001967109076674568,112,0.009613177560627304
closure_rev,density,-0.289370280520723,0.001971186913946811,112,0.009613177560627304
cosil_bfs,files,0.28905499231049403,0.0019947281119887545,112,0.009680298190533662
louvain,n_wcc,0.2877468799218668,0.0020951414628131732,112,0.010118000235048982
bfs_rev,outdeg_mean,0.28688454573410327,0.002163813547736841,112,0.010348673489176195
bfs_rev,indeg_mean,0.28688454573410327,0.002163813547736841,112,0.010348673489176195
bfs_und,n_clusters,0.28518438710195293,0.002305198423053738,112,0.010971857878957695
robillard,spl_mean,0.2848259131444972,0.002336053703838359,112,0.011065517544497491
pagerank,depth_condensed,0.28432558338495756,0.002379742743208713,112,0.011218787217983932
repograph_k2,nesting_mean,0.2839289985307684,0.0024148953815850208,112,0.011330551790375214
directory,spl_max,0.28296680495478577,0.002502138860103169,112,0.011684516375010081
labelprop,spl_mean,0.282604981720026,0.0025356747652602214,112,0.011785530599096804
louvain,isolated,0.2820763517393768,0.002585400437815524,112,0.01196049735251107
ids_und,n_clusters,0.281618420680156,0.0026291847734843748,112,0.012106478724416423
bfs_rev,density,-0.28070864796528516,0.0027181599068992323,112,0.01245823290662148
robillard,nesting_max,0.2790603071972027,0.0028863039651841815,112,0.013167930532407095
closure_fwd_trim,hub_share_top5pct,0.2772064099497728,0.003086558411915405,112,0.013952935286740874
bfs_fwd,hub_share_top5pct,0.2772064099497728,0.003086558411915405,112,0.013952935286740874
closure_comb,import_edges,0.27676576990564933,0.003135956347573357,112,0.014111803564080105
indegree,hub_share_top5pct,0.2765230464345509,0.003163469402260183,112,0.014124712566218016
closure_comb,hub_share_top5pct,0.2764888782587897,0.003167359787576161,112,0.014124712566218016
robillard,density,-0.27613865445723856,0.0032074849091372802,112,0.014181365575445236
betweenness,n_clusters,0.2761279973906062,0.0032087130190906394,112,0.014181365575445236
locagent_bfs,nesting_mean,0.2757115522602248,0.0032570359200922816,112,0.014309985499063477
closure_fwd,nesting_max,0.27562872973341385,0.0032667239624124705,112,0.014309985499063477
hits_auth,hub_share_top5pct,0.2750367307889432,0.003336729473538995,112,0.01455225629428901
closure_rev,n_clusters,0.27449536838176497,0.003401923444875971,112,0.01477150969485619
topo_fwd,indeg_gini,0.2737127139782007,0.003498197651354011,112,0.015123212553888517
aider_repomap,hub_share_top5pct,0.27342228448423145,0.0035345407611680965,112,0.015213892841549633
closure_fwd,nesting_mean,0.27307206068268014,0.0035788166538542983,112,0.015337785659375564
ppr_fwd,isolated_share,-0.27256497320170875,0.0036438054298629638,112,0.015548997308466959
robillard,files,0.2718932197341576,0.003731527140551019,112,0.01585498656285626
closure_fwd,indeg_gini,0.2713380257628045,0.003805451698162022,112,0.016099987953762402
closure_comb,clustering,-0.26931356134895956,0.004086256859010946,112,0.017203162430306024
cochange,modularity,0.2692110568216763,0.0041009558924769915,112,0.017203162430306024
ppr_und,n_clusters,0.2689777661555504,0.004134586069138867,112,0.0172710557318459
closure_fwd,depth_condensed,0.268366392589347,0.004223892906668747,112,0.017569974695806973
pagerank,density,-0.2677845354836505,0.004310486699778981,112,0.017751967030779355
robillard,nesting_mean,0.2677332832200089,0.004318189771152646,112,0.017751967030779355
dfs_und,files,0.26771169276744944,0.0043214384388058835,112,0.017751967030779355
locagent_bfs,indeg_max,0.2670015759024143,0.004429513592369202,112,0.018120737423328554
khop1_und,loc_median,0.2665197392372985,0.004504215263159545,112,0.018350506627687033
ppr_fwd,largest_wcc_share,0.26551291880189787,0.004663951915470556,112,0.018923411460310863
cochange,loc_total,0.26448730652270475,0.004831852136847091,112,0.01952462700195355
louvain,outdeg_max,0.26382823577145875,0.004942573400870532,112,0.019890844174235065
repograph_k2,n_clusters,0.26364394154027865,0.004973936307254229,112,0.019936020016929908
directory,spl_mean,0.2633512146786483,0.005024117066942882,112,0.020055951194651016
topo_fwd,spl_max,0.26242733198467805,0.005185467760031784,112,0.020616920009764925
ppr_fwd,hub_share_top5pct,0.2606946390132231,0.005500568519029075,112,0.02165316929484629
ppr_und,nesting_max,0.26029068543074957,0.0055764358592836965,112,0.02165316929484629
bm25,n_loops,0.26022144501856903,0.005589533117721818,112,0.02165316929484629
closure_fwd_trim,nesting_mean,0.2601992004646872,0.005593746620449461,112,0.02165316929484629
bfs_fwd,nesting_mean,0.2601992004646872,0.005593746620449461,112,0.02165316929484629
bfs_fwd,isolated_share,-0.26017041450682554,0.005599203373212778,112,0.02165316929484629
closure_fwd_trim,isolated_share,-0.26017041450682554,0.005599203373212778,112,0.02165316929484629
ppr_fwd,outdeg_max,0.25950388323022716,0.005726884769551405,112,0.022054852496897093
bfs_rev,depth_condensed,-0.25939684738655083,0.005747628226464092,112,0.022054852496897093
ppr_fwd,n_clusters,0.25863920706553245,0.005896378691634246,112,0.022538281485397313
closure_rev,depth_condensed,-0.2580469158342905,0.006015038640266121,112,0.022903416361013305
repograph_k2,depth_condensed,0.25746408824347333,0.006133869060272395,112,0.023266399883791845
ids_und,nesting_mean,0.25537776202300094,0.006576514228717966,112,0.024850187352789262
indegree,n_loops,0.2548091742198138,0.006701959771769626,112,0.025227909407041556
topo_fwd,spl_mean,0.2523490620835754,0.007269507427577189,112,0.027260652853414457
closure_comb,depth_condensed,0.2515286749105194,0.007468011045124112,112,0.027856493971719784
bfs_und,nesting_mean,0.25146068951378686,0.007484674137856023,112,0.027856493971719784
topo_fwd,nesting_max,0.25116490329801544,0.007557554149080331,112,0.028022391788724822
closure_comb,loc_total,0.24953872962722518,0.007969551936027029,112,0.02928237030545147
cosil_bfs,import_edges,0.24948213197112326,0.007984241651321718,112,0.02928237030545147
closure_fwd,outdeg_max,0.24947497471810237,0.007986100992395856,112,0.02928237030545147
bfs_rev,n_clusters,0.2491468797654375,0.008071746474179723,112,0.029487191916745113
cochange,loc_mean,0.24875286158472,0.008175671453968757,112,0.029757039483195108
cosil_bfs,modularity,0.24824888099224382,0.008310320178114335,112,0.030136325920634404
bfs_fwd,largest_wcc_share,0.2472713450123199,0.008577077642958484,112,0.030877479514650544
closure_fwd_trim,largest_wcc_share,0.2472713450123199,0.008577077642958484,112,0.030877479514650544
betweenness,hub_share_top5pct,0.24714695732394845,0.00861155726047965,112,0.030889281477807444
directory,indeg_mean,-0.24683944374209857,0.008697323415011025,112,0.030972482664967323
directory,outdeg_mean,-0.24683944374209857,0.008697323415011025,112,0.030972482664967323
repograph_k1,n_wcc,0.2462817882201431,0.008854776815806126,112,0.031420175798021734
closure_fwd,spl_max,0.2457774223202719,0.008999341271235771,112,0.03181909949472647
indegree,depth_condensed,0.2453489882490611,0.00912377030008644,112,0.03214424411774226
bm25,files,0.24522797677893907,0.00915918857052796,112,0.03215459817313007
betweenness,nesting_max,0.2448375172389776,0.009274297031396862,112,0.032443653926087966
khop2_und,loc_total,0.24449038165852327,0.009377700580739154,112,0.03268987174271747
directory,nesting_max,0.24423533074210624,0.009454319361914829,112,0.03284131988875678
closeness,hub_share_top5pct,0.24299552396897528,0.00983466178504767,112,0.034043060025165016
repograph_k1,isolated,0.24229997010943105,0.01005387542012878,112,0.034680615560722966
dfs_und,depth_condensed,0.24102492178483687,0.010466889402506696,112,0.035979932321116764
betweenness,density,-0.24055249940205695,0.010623654331057263,112,0.0363924490925491
topo_fwd,n_clusters,0.23971866093427607,0.010905378556904289,112,0.037228706108052574
closeness,outdeg_median,0.23841652375506273,0.011358425766882955,112,0.03864206704197294
khop2_und,n_loops,0.2367890765521297,0.01194776410698541,112,0.040507830362724505
closure_comb,nesting_max,0.2355656163239144,0.012408248130602517,112,0.04192548003172864
bfs_und,indeg_max,0.23505314402326802,0.012605692033288561,112,0.04229821813273884
closure_fwd_trim,n_wcc,0.2349474836238773,0.012646739966960299,112,0.04229821813273884
bfs_fwd,n_wcc,0.2349474836238773,0.012646739966960299,112,0.04229821813273884
directory,n_clusters,0.23445749258379572,0.012838625321203492,112,0.04271303315211891
indegree,density,-0.23441076980899989,0.012857054423567106,112,0.04271303315211891
closure_comb,n_clusters,0.23380358620067343,0.01309865654237147,112,0.04317436737161452
dfs_und,outdeg_mean,-0.2335309392831517,0.013208426472454758,112,0.04317436737161452
dfs_und,indeg_mean,-0.2335309392831517,0.013208426472454758,112,0.04317436737161452
topo_fwd,outdeg_max,0.23341248341129478,0.01325636720786151,112,0.04317436737161452
bfs_fwd,isolated,0.23340948291941524,0.013257583516132135,112,0.04317436737161452
closure_fwd_trim,isolated,0.23340948291941524,0.013257583516132135,112,0.04317436737161452
bm25,n_clusters,0.2328718764521725,0.013477089551830511,112,0.04374530706987609
louvain,loc_median,0.23216688246349096,0.013769736111798967,112,0.04454914624405548
betweenness,n_loops,0.23088194409055582,0.014317377400668086,112,0.046170044386519234
ppr_fwd,depth_condensed,0.23057688012004127,0.01445014541670246,112,0.04644689598225791
betweenness,isolated,0.2300413560416592,0.01468580378610631,112,0.04705160436325322
ids_und,indeg_max,0.22989122288174796,0.014752466864102282,112,0.04711271675955245
ppr_fwd,nesting_mean,0.2296784774660881,0.014847381810166576,112,0.04726336974940486
labelprop,loc_median,0.2288012165256866,0.015244393841508648,112,0.04837163430478705
closeness,indeg_mean,0.22855092766597193,0.015359341093596744,112,0.04842594803395152
closeness,outdeg_mean,0.22855092766597193,0.015359341093596744,112,0.04842594803395152
directory,n_loops,0.22816243405164258,0.015539250461409854,112,0.04870543287498603
closeness,indeg_gini,0.22810674138107767,0.015565190748282614,112,0.04870543287498603
betweenness,n_wcc,0.22798107469027498,0.015623861329389765,112,0.04870543287498603
topo_fwd,nesting_mean,0.2279017323265111,0.015661003006432753,112,0.04870543287498603
dfs_und,spl_mean,0.22764547100830287,0.015781487619975818,112,0.04870543287498603
closure_fwd_trim,share_in_loops,0.22762241372044606,0.015792367629162137,112,0.04870543287498603
bfs_fwd,share_in_loops,0.22762241372044606,0.015792367629162137,112,0.04870543287498603
repograph_k2,unresolved_share,-0.22728612037864498,0.0159517949491453,112,0.049044338508241754
directory,nesting_mean,0.2270816961082448,0.016049387327405212,112,0.04919162060102526
ppr_und,isolated_share,-0.22683921669329413,0.016165818093065627,112,0.04939555528436719
ppr_und,largest_loop,0.22653998484692317,0.01631050822411784,112,0.0496843173596205
cochange,n_clusters,0.22630716923337646,0.016423858522134526,112,0.04987613477580731
pagerank,outdeg_gini,-0.22587726791266616,0.016634957841888325,112,0.050362716402047224
khop1_und,isolated,0.22504045699727535,0.017052612824743702,112,0.05124914658814005
aider_repomap,n_clusters,0.22497371307955855,0.017086312296113595,112,0.05124914658814005
labelprop,loc_mean,0.22490347490347493,0.01712183826044218,112,0.05124914658814005
repograph_k1,modularity,0.22487784877165412,0.017134815677448845,112,0.05124914658814005
robillard,import_edges,0.22453477298935018,0.017309375229274185,112,0.05161530565355856
khop1_und,n_wcc,0.22428845056841462,0.017435652665890294,112,0.05183572414183601
ppr_und,nesting_mean,0.22415177503673078,0.017506062569402524,112,0.051889227376372755
cosil_bfs,n_clusters,0.22378129555739443,0.017698156874074437,112,0.05230201583681699
topo_fwd,outdeg_gini,-0.22295588888509243,0.018132693800631025,112,0.05342668709114498
topo_fwd,largest_loop,0.22216052228552116,0.01856010292146076,112,0.054523744487377304
hits_auth,depth_condensed,0.2219673166645145,0.01866522953127872,112,0.05459444572466254
repograph_k1,nesting_mean,0.221913759524379,0.01869446171783899,112,0.05459444572466254
repograph_k2,nesting_max,0.22111756824089088,0.019133714228343226,112,0.05556435503307804
labelprop,files,0.2211083825184683,0.019138833400282437,112,0.05556435503307804
directory,files,0.22084356671465225,0.01928692291326223,112,0.05583056632786435
closure_rev,indeg_median,0.22057539249048888,0.01943789596679685,112,0.056103548125740185
repograph_k2,indeg_max,0.22037113300994732,0.019553569339893637,112,0.05627335362353111
pagerank,indeg_gini,0.21985512693477297,0.01984843141272448,112,0.0568761481215444
robillard,loc_total,0.21980387467113133,0.019877926515206427,112,0.0568761481215444
hits_auth,n_loops,0.2179843333650214,0.02094978868457819,112,0.059770290483378695
khop2_und,files,0.2178665245330429,0.021020868448298376,112,0.05980074644774538
closure_fwd,n_wcc,0.21765967740521389,0.021146170773299625,112,0.05990667640094958
closure_fwd,isolated,0.21756902833951206,0.021201285416255346,112,0.05990667640094958
ppr_fwd,outdeg_gini,-0.2175060648511976,0.021239639814882125,112,0.05990667640094958
betweenness,indeg_gini,0.21738647623603377,0.021312651719974037,112,0.059941832962426986
cosil_bfs,unresolved_share,-0.21709201654378102,0.02149334641833301,112,0.06027879023838436
ids_und,largest_loop,0.2169526296274723,0.021579338703702763,112,0.060348998069677216
repograph_k1,spl_mean,0.21537909591006935,0.0225707726738265,112,0.06261137863853178
bfs_fwd,indeg_mean,0.2150801243721598,0.022763494702910815,112,0.06261137863853178
closure_fwd_trim,outdeg_mean,0.2150801243721598,0.022763494702910815,112,0.06261137863853178
bfs_fwd,outdeg_mean,0.2150801243721598,0.022763494702910815,112,0.06261137863853178
closure_fwd_trim,indeg_mean,0.2150801243721598,0.022763494702910815,112,0.06261137863853178
dfs_und,spl_max,0.21507351043526468,0.02276777405037519,112,0.06261137863853178
locagent_bfs,n_wcc,0.2147448977164306,0.022981262758236313,112,0.06302340756413836
pagerank,nesting_max,0.21421456273631426,0.023329420488834365,112,0.0638014538230553
repograph_k1,outdeg_max,0.21392298544631758,0.023522753844933016,112,0.0641529650316355
closeness,largest_loop,0.21345286891953352,0.023837357261031863,112,0.06483237277038886
repograph_k2,n_loops,0.2125185640081236,0.024473293393154637,112,0.06637961769650162
repograph_k1,hub_share_top5pct,0.21234667031127208,0.024591858679106526,112,0.06651896200086191
dfs_und,clustering,-0.21197936242184032,0.024846858569735925,112,0.06702558578757102
repograph_k1,spl_max,0.2117168817703444,0.02503046383026163,112,0.06733738910858426
closure_rev,isolated,0.2114098013968136,0.025246735977244427,112,0.06773049209575945
closure_fwd_trim,loc_mean,0.2112191205111559,0.02538183087628965,112,0.06773049209575945
bfs_fwd,loc_mean,0.2112191205111559,0.02538183087628965,112,0.06773049209575945
closure_rev,largest_wcc_share,0.21098893589443996,0.02554573512566617,112,0.06798461767314383
bfs_rev,unresolved_share,0.21067493416758118,0.025770777421563397,112,0.06839965052908248
repograph_k2,loc_total,0.21040762633682988,0.025963684979998562,112,0.06872740141764325
closure_comb,isolated,0.2097385607759981,0.026451933838041213,112,0.0698331053324288
bfs_fwd,modularity,0.20935695493217615,0.02673389740779452,112,0.07020307276847898
closure_fwd_trim,modularity,0.20935695493217615,0.02673389740779452,112,0.07020307276847898
closure_fwd,outdeg_gini,-0.2091434038336693,0.026892801737806213,112,0.07043352836092104
locagent_bfs,isolated,0.20850757024199593,0.027370698878548243,112,0.071496020817316
closure_comb,n_wcc,0.20764172492646307,0.028033080731885512,112,0.07294266253341557
bfs_rev,indeg_median,0.20759155793865874,0.028071873156799328,112,0.07294266253341557
closure_comb,largest_loop_share,-0.2066320117345905,0.028822687877187312,112,0.0746975418806687
bm25,unresolved_share,-0.20623307985012151,0.029139820963039922,112,0.0753222526198682
closure_rev,isolated_share,-0.20602643774079046,0.029305253344639633,112,0.07536567238301702
closure_rev,n_wcc,0.20602192800263774,0.029308872593395506,112,0.07536567238301702
bfs_und,n_wcc,0.20591935511036386,0.029391294002109172,112,0.07538181622302612
repograph_k1,n_loops,0.20403012611617147,0.030944895204517327,112,0.07916135982550944
khop2_und,outdeg_median,-0.20354385681500475,0.031355845562579344,112,0.0800058946055504
khop1_und,modularity,0.2030956367239553,0.031738720881005676,112,0.0807746366894489
bfs_rev,largest_wcc_share,0.20262625701830003,0.032143901721407776,112,0.08159605821588127
closure_rev,clustering,0.2015751529025865,0.03306712219001527,112,0.08372493853737883
ids_und,n_wcc,0.20047273525575415,0.034059363586114604,112,0.08589294443527985
bfs_fwd,outdeg_gini,-0.20033655653124682,0.03418365667424269,112,0.08589294443527985
closure_fwd_trim,outdeg_gini,-0.20033655653124682,0.03418365667424269,112,0.08589294443527985
closure_fwd,spl_mean,0.19969590323572628,0.03477353615526452,112,0.08715392606003006
khop2_und,spl_mean,0.1995848566645027,0.034876648783829046,112,0.08719162195957261
bfs_und,isolated,0.19942474078104225,0.03502577808922417,112,0.08731228845841243
closure_rev,unresolved_share,0.1993438697915887,0.03510130384489712,112,0.08731228845841243
cochange,loc_median,0.19909964173952996,0.03533022219788804,112,0.08758223264927499
bfs_rev,isolated_share,-0.19903474491393874,0.03539126176858017,112,0.08758223264927499
topo_fwd,depth_condensed,0.19894562682723732,0.03547522756803967,112,0.08758223264927499
khop1_und,outdeg_max,0.19875784002257182,0.03565270651191961,112,0.08780144140995129
hits_auth,density,-0.19797895240373115,0.036396834962278656,112,0.08941157968400959
closure_rev,outdeg_median,0.19782521635820152,0.03654524234339504,112,0.08955393544544824
robillard,single_importer_share,0.19704444017520145,0.037306827645578425,112,0.0911944675780806
dfs_und,nesting_mean,0.19641575836266104,0.03792970012513531,112,0.09248867764503436
ppr_und,largest_wcc_share,0.19545519581654364,0.038898219212150205,112,0.09457860951207425
cosil_bfs,indeg_max,0.1953771130975413,0.038977851192854844,112,0.09457860951207425
cochange,density,-0.19525404038678373,0.03910364307699097,112,0.09465184999076054
ids_und,isolated,0.19500983354093332,0.039354252355754064,112,0.09502612154194273
ppr_fwd,outdeg_mean,0.19417774285030923,0.040218278262193714,112,0.09662450251636448
ppr_fwd,indeg_mean,0.19417774285030923,0.040218278262193714,112,0.09662450251636448
ppr_fwd,share_in_loops,0.19401812140812905,0.04038582673095233,112,0.09662450251636448
khop2_und,clustering,-0.19399835992756345,0.04040661014320697,112,0.09662450251636448
repograph_k1,depth_condensed,0.19340447921748316,0.041035388442783254,112,0.0978498758532388
topo_fwd,largest_wcc_share,0.19332822233323535,0.041116715510047815,112,0.0978498758532388
bfs_rev,clustering,0.19303310896231252,0.04143272058517389,112,0.09836545174897397
labelprop,density,-0.19217036252434486,0.042368196559947745,112,0.10034572869461308
hits_auth,indeg_gini,0.19150408309700345,0.043102644668813764,112,0.10175675210609293
khop2_und,spl_max,0.19144387612062727,0.04316953119652427,112,0.10175675210609293
labelprop,import_edges,0.190109894818987,0.044673844963010786,112,0.10505250953297073
ppr_fwd,loc_mean,0.1892489834967711,0.04566764780336972,112,0.10713500314060669
robillard,n_clusters,0.1890900660684836,0.04585308980762296,112,0.10731574210294735
betweenness,largest_loop,0.18898342297890003,0.04597788291886032,112,0.10735401907941443
indegree,indeg_gini,0.18838623705880342,0.04668193073523537,112,0.10833019957486933
bm25,loc_median,0.18836624262569454,0.04670565697724146,112,0.10833019957486933
closeness,n_loops,0.18835059036722412,0.04672423759441334,112,0.10833019957486933
bfs_rev,isolated,0.18815775797677223,0.046953650513593445,112,0.10860774301041475
khop1_und,share_in_loops,0.18801659214680894,0.04712218756671049,112,0.10874350976933189
topo_fwd,isolated_share,-0.18769513315139055,0.04750784877789202,112,0.10936338262581716
betweenness,nesting_mean,0.18760891106023853,0.0476117352643709,112,0.10936338262581716
khop2_und,nesting_mean,0.18688283732531522,0.0484940532965097,112,0.1110886396335196
directory,outdeg_median,-0.18677653803934305,0.04862435655247312,112,0.1110886396335196
bfs_fwd,depth_condensed,0.18661196648626863,0.04882666268552971,112,0.1110886396335196
closure_fwd_trim,depth_condensed,0.18661196648626863,0.04882666268552971,112,0.1110886396335196
topo_fwd,n_wcc,0.1865330784705969,0.04892388573759045,112,0.1110886396335196
topo_fwd,isolated,0.18637966053876903,0.049113419767901983,112,0.11126381137350792
ppr_und,hub_share_top5pct,0.1859944647555267,0.04959197434627066,112,0.11209144886485835
dfs_und,n_clusters,0.1859017382135215,0.04970774900049065,112,0.11209720161841856
cochange,n_wcc,0.18540050278507264,0.05033744828270439,112,0.11325925863608488
khop1_und,nesting_max,0.18519891483927078,0.050592554375451404,112,0.11357512206733988
labelprop,unresolved_share,-0.1849680636274894,0.05088600384189185,112,0.11397543846939576
closeness,n_clusters,0.18476915526236204,0.051139975058847244,112,0.11428572304347354
locagent_bfs,largest_loop,0.18418524107016396,0.051891584465838476,112,0.11570420860626146
repograph_k1,largest_loop,0.18318116916584254,0.05320531848093357,112,0.11784032958428932
topo_fwd,indeg_mean,0.18311579594765437,0.05329179482458271,112,0.11784032958428932
topo_fwd,outdeg_mean,0.18311579594765437,0.05329179482458271,112,0.11784032958428932
repograph_k2,loc_mean,-0.18309016981583354,0.05332572490278951,112,0.11784032958428932
aider_repomap,spl_max,0.1827106245878257,0.05383034582837304,112,0.11826024665768756
bm25,import_edges,0.18264832383094426,0.053913551676740556,112,0.11826024665768756
bfs_rev,n_wcc,0.18260111760009745,0.05397666849734185,112,0.11826024665768756
closure_comb,nesting_mean,0.18243243243243246,0.05420270525381736,112,0.11826024665768756
ppr_fwd,modularity,0.18242389038849216,0.054214172215297535,112,0.11826024665768756
khop2_und,indeg_mean,-0.18232138586120888,0.05435193154469478,112,0.11826024665768756
khop2_und,outdeg_mean,-0.18232138586120888,0.05435193154469478,112,0.11826024665768756
hits_auth,outdeg_gini,-0.18140738715959956,0.05559306469572809,112,0.12069546940519914
labelprop,indeg_gini,-0.1809034065671234,0.05628732947195889,112,0.12193535268542517
cochange,isolated,0.17997680005288266,0.05758236155715528,112,0.12446842345323957
labelprop,isolated_share,-0.17881136951067486,0.059245760728206955,112,0.12778497411966205
closure_comb,indeg_gini,0.17839204564868283,0.0598537926433562,112,0.12881577112374487
repograph_k2,single_importer_share,0.1779998718704172,0.060427066290919276,112,0.12975999703105126
closure_fwd,largest_loop,0.17791299615295603,0.06055466528115726,112,0.12975999703105126
ppr_fwd,n_wcc,0.17763915393634758,0.060958313825136994,112,0.12999162694943736
closure_fwd_trim,largest_loop_share,0.17757264976678921,0.061056673264129675,112,0.12999162694943736
bfs_fwd,largest_loop_share,0.17757264976678921,0.061056673264129675,112,0.12999162694943736
labelprop,largest_loop,0.17745582298800966,0.06122977358798632,112,0.13008042028349026
repograph_k2,n_wcc,0.17636554052394665,0.06286463000395816,112,0.13298844906252189
closure_comb,share_in_loops,-0.17636380081237385,0.0628672668295558,112,0.13298844906252189
closeness,outdeg_gini,-0.17569275976355622,0.06389108895098963,112,0.13486605130379475
ppr_fwd,isolated,0.17546744236756212,0.06423789104928215,112,0.13530960029529646
pagerank,nesting_mean,0.17439436908463457,0.06591062612303394,112,0.13853825872994396
khop1_und,outdeg_mean,0.174189360030068,0.06623419286212939,112,0.1386297059905034
khop1_und,indeg_mean,0.174189360030068,0.06623419286212939,112,0.1386297059905034
cosil_bfs,clustering,-0.17315577271329483,0.06788522009777122,112,0.14178558628015508
dfs_und,outdeg_median,-0.1728354199527579,0.06840366824860153,112,0.14256764540234845
labelprop,n_loops,0.1726264724864913,0.06874354821017684,112,0.14297502673965348
ppr_fwd,loc_median,0.1716361493790199,0.07037309880894384,112,0.14605737488648723
repograph_k2,isolated,0.17150519158624258,0.07059090713975179,112,0.14608642296124363
bfs_fwd,indeg_gini,0.1713619434858373,0.07082978082969388,112,0.14608642296124363
closure_fwd_trim,indeg_gini,0.1713619434858373,0.07082978082969388,112,0.14608642296124363
directory,clustering,-0.17113985034339016,0.07120142487380417,112,0.14644527922938816
khop2_und,depth_condensed,0.17108132538978826,0.07129962079653039,112,0.14644527922938816
khop1_und,depth_condensed,0.17093133299509267,0.07155178498692896,112,0.1466589381719662
betweenness,loc_mean,0.17071274814637646,0.07192055546752574,112,0.14711022709266627
aider_repomap,nesting_mean,0.17059315953121262,0.07212296013754846,112,0.1472200629611814
ppr_fwd,indeg_gini,0.17046502887210854,0.07234033259382676,112,0.1472761148784679
indegree,outdeg_max,0.17040171011781657,0.07244794742001401,112,0.1472761148784679
aider_repomap,nesting_max,0.16973246312183252,0.07359330296489398,112,0.14929788921156772
khop1_und,isolated_share,-0.16933820232071933,0.07427485184486282,112,0.1501292924428822
khop1_und,largest_loop_share,0.1693200130885896,0.07430641747172959,112,0.1501292924428822
repograph_k2,clustering,-0.16864557351283016,0.07548449439821965,112,0.15219887872553453
closeness,outdeg_max,0.16805579159495482,0.07652697674970912,112,0.1539872093134391
cosil_bfs,n_loops,0.16772243799009037,0.07712130579448943,112,0.15486834226479623
aider_repomap,outdeg_gini,-0.1669286226808351,0.07855152315114283,112,0.15722582266023388
pagerank,largest_wcc_share,0.16689481091115657,0.07861291133011694,112,0.15722582266023388
ppr_und,n_wcc,0.16562530392876715,0.08094580820806958,112,0.1615652220282034
aider_repomap,modularity,0.16531417637612328,0.08152592461535083,112,0.16229200213420397
closeness,spl_mean,0.16525438206854137,0.08163779501296321,112,0.16229200213420397
khop1_und,largest_wcc_share,0.16425104266583965,0.08353335115625454,112,0.16572749026992384
cochange,clustering,-0.16327262787439778,0.08541551408740677,112,0.1691227178930654
closure_fwd,isolated_share,-0.16273090311293706,0.08647207526273226,112,0.17087296309402183
aider_repomap,outdeg_max,0.16208203185914288,0.08775128418344223,112,0.1730514520437468
repograph_k2,spl_max,0.16199493935745968,0.0879241215939441,112,0.1730514520437468
indegree,n_clusters,0.1611045824300226,0.08970663390690951,112,0.17620945946000083
bfs_und,largest_loop,0.16058741499540946,0.09075511491355537,112,0.17791596785033628
cochange,outdeg_gini,0.16033416475894352,0.09127207624890385,112,0.17857580135655102
closure_fwd_trim,outdeg_median,0.1600821893433002,0.09178874978578784,112,0.1788796501730905
bfs_fwd,outdeg_median,0.1600821893433002,0.09178874978578784,112,0.1788796501730905
ppr_fwd,outdeg_median,0.1592034175665405,0.09360882321876077,112,0.18206824162391583
cochange,nesting_max,-0.15883554423359444,0.09437917381174968,112,0.18320663151692584
repograph_k2,hub_share_top5pct,0.1584976253117846,0.09509120628324225,112,0.1839946979369949
directory,n_wcc,0.15846657082215126,0.09515685388256706,112,0.1839946979369949
aider_repomap,n_wcc,0.15700063323673683,0.09829671420348607,112,0.18969541337514856
closure_rev,n_loops,0.1564119511561184,0.09958033601115096,112,0.19179870165571877
ppr_und,isolated,0.1562118439103404,0.10001966105310739,112,0.19227080474286665
indegree,outdeg_gini,-0.155704376943315,0.10114061372005964,112,0.1940488519047656
cosil_bfs,n_wcc,0.15529963277319464,0.10204171609939096,112,0.19493002142275834
labelprop,depth_condensed,0.15526784149188194,0.10211276072807421,112,0.19493002142275834
aider_repomap,isolated,0.15523303546490114,0.10219058698829453,112,0.19493002142275834
cochange,outdeg_median,-0.15483163837562527,0.103091478819558,112,0.19627031544492776
directory,depth_condensed,0.15456930548229963,0.10368361380927955,112,0.19669786299010728
pagerank,isolated_share,-0.15455613214739386,0.10371341866751112,112,0.19669786299010728
closure_fwd,largest_wcc_share,0.15437214775240157,0.1041303882019889,112,0.19711105988521802
locagent_bfs,hub_share_top5pct,0.1537995011446339,0.10543660487379009,112,0.19910987541431321
closeness,isolated,0.15336945257314782,0.10642595659796773,112,0.19910987541431321
hits_auth,nesting_max,0.1532653191375345,0.10666660976755662,112,0.19910987541431321
indegree,nesting_max,0.15326089129564574,0.10667685196451909,112,0.19910987541431321
bfs_fwd,loc_median,0.15325312121111392,0.1066948270787631,112,0.19910987541431321
closure_fwd_trim,loc_median,0.15325312121111392,0.1066948270787631,112,0.19910987541431321
cosil_bfs,spl_mean,0.1532442682885161,0.10671531008815441,112,0.19910987541431321
closeness,n_wcc,0.15320971009311396,0.10679529681313164,112,0.19910987541431321
bm25,n_wcc,0.15292763463936074,0.10744992836559086,112,0.1999538140637875
betweenness,loc_median,0.1525013988696754,0.10844506416789307,112,0.20142704226306593
pagerank,n_clusters,0.1521849574524007,0.10918850332209723,112,0.2024281241364724
cosil_bfs,isolated,0.15192474840477024,0.10980280469091926,112,0.20318649840001882
robillard,largest_loop,0.15166185666295215,0.11042617172392957,112,0.2039587873259147
aider_repomap,indeg_gini,0.15121980387467113,0.11148057549142043,112,0.20527148102541026
ppr_und,loc_median,0.15119015592182522,0.11155157251683911,112,0.20527148102541026
bfs_rev,n_loops,0.15064748151625804,0.1128573240778199,112,0.2072889625919141
labelprop,largest_wcc_share,0.15055384595706495,0.11308382148985108,112,0.20732033939806033
directory,isolated,0.15034326751039245,0.1135944855047799,112,0.20787160933407042
labelprop,indeg_median,0.1492585282737187,0.11625346824969252,112,0.21234489588043468
louvain,share_in_loops,0.14815874905970708,0.11899830420770954,112,0.21695823419085167
repograph_k1,nesting_max,0.14798290376424394,0.11944178774201955,112,0.21706128710771494
bm25,isolated,0.1479624976234507,0.11949333482192388,112,0.21706128710771494
cosil_bfs,nesting_mean,0.14711108073939932,0.12165942143520705,112,0.22059125864625453
dfs_und,import_edges,0.1465449125190237,0.12311648792220309,112,0.2228250878299471
dfs_und,indeg_max,0.14605546655701152,0.12438690529227092,112,0.22471356977983248
pagerank,outdeg_max,0.14559650606460617,0.1255873341855097,112,0.22646896328534538
ppr_fwd,largest_loop_share,0.14533098224761176,0.12628587609532888,112,0.22731457697159196
closeness,density,-0.1451122424573752,0.12686357691127598,112,0.2279400020728915
locagent_bfs,clustering,-0.14480472887552534,0.12767916103836274,112,0.22898979968836794
cosil_bfs,hub_share_top5pct,0.14389927221785628,0.13010396604028335,112,0.23291668423124867
cosil_bfs,spl_max,0.14246116562882616,0.1340274465324658,112,0.2385379221463574
aider_repomap,unresolved_share,-0.14239949014693265,0.13419770760817537,112,0.2385379221463574
cochange,outdeg_mean,-0.14239587248436808,0.13420769963183948,112,0.2385379221463574
cochange,indeg_mean,-0.14239587248436808,0.13420769963183948,112,0.2385379221463574
hits_auth,outdeg_max,0.14178492259941,0.13590330325753366,112,0.24111876384401135
ppr_und,outdeg_max,0.14144734962435337,0.1368471600002381,112,0.2421873290368539
directory,largest_loop,0.14139468736046526,0.1369948527885234,112,0.2421873290368539
labelprop,hub_share_top5pct,-0.1401407728841357,0.14054742117669106,112,0.24802486090004305
hits_auth,largest_wcc_share,0.1398378289497947,0.1414161052270295,112,0.24911377967039003
repograph_k2,largest_loop_share,-0.13961137535728604,0.14206810842835765,112,0.24981781055785807
indegree,spl_mean,0.13932073666586942,0.14290824618552284,112,0.2508495810703326
ids_und,single_importer_share,0.13916360040948386,0.14336403714525442,112,0.25120424207752545
bfs_rev,outdeg_median,0.13886360448234306,0.14423726138492377,112,0.25228778934818824
ppr_und,single_importer_share,0.1383902449454184,0.1456232799562863,112,0.25426286976494433
topo_fwd,loc_mean,0.13821881299757408,0.14612771355984483,112,0.2546944303243774
ppr_und,outdeg_gini,-0.13786004715208255,0.14718763832638931,112,0.2560909700230675
indegree,largest_wcc_share,0.1372922944195703,0.14887681829262064,112,0.25857552650823584
hits_auth,isolated_share,-0.13639566916646925,0.15157413019293586,112,0.2627992800192758
betweenness,outdeg_gini,-0.1359295452215806,0.15299079061087048,112,0.2647917529803528
betweenness,depth_condensed,0.13581597064835976,0.15333747083814595,112,0.26492861453711075
directory,single_importer_share,0.1349819548563361,0.15590133058743552,112,0.26888905449749334
locagent_bfs,outdeg_gini,-0.13453719205931597,0.15728163143303658,112,0.27079793933688034
bm25,loc_mean,0.13351214678648307,0.16049756900781711,112,0.27585519673218567
pagerank,outdeg_median,0.13331276969145375,0.16112874079313846,112,0.2764600578599776
cochange,nesting_mean,-0.133136296853111,0.16168894524259092,112,0.2769412729933651
topo_fwd,outdeg_median,0.1325620601334178,0.1635218697159136,112,0.2795969793070025
locagent_bfs,single_importer_share,0.13230401264348576,0.16435055211410385,112,0.28025085066117317
bfs_und,single_importer_share,0.1321972366381887,0.16469435896142856,112,0.28025085066117317
louvain,largest_loop_share,0.13217887648561558,0.16475353038868967,112,0.28025085066117317
repograph_k2,outdeg_gini,-0.13204291522875597,0.16519220018039035,112,0.2805150569100968
bfs_und,clustering,-0.13172685960296582,0.16621528184430034,112,0.2817690565511256
directory,loc_total,0.13160727098780195,0.1666036168750321,112,0.28194458240390047
khop2_und,nesting_max,0.13123680574095412,0.1678108825098726,112,0.2832739608272459
pagerank,spl_max,0.13111051735218784,0.16822390624197583,112,0.2832739608272459
ppr_und,clustering,-0.13110329039532578,0.16824756461254603,112,0.2832739608272459
bm25,largest_loop,0.13096088484832505,0.16871425009648436,112,0.28357743225045756
louvain,hub_share_top5pct,0.1307701506816551,0.16934081610455842,112,0.2840946490119072
robillard,unresolved_share,-0.13069265067683838,0.16959589653135065,112,0.2840946490119072
repograph_k2,spl_mean,0.1290019475860184,0.17523153975295963,112,0.2930392303301183
pagerank,largest_loop_share,-0.1283131227621318,0.17756669864592203,112,0.29644356097717167
cosil_bfs,loc_median,0.12750235986717684,0.18034442028467945,112,0.3005740338077991
repograph_k1,loc_median,0.12645592819869708,0.1839764446171589,112,0.3061120675142644
closure_comb,loc_median,-0.12631070911001008,0.18448467198173313,112,0.306270858453838
indegree,isolated_share,-0.12625194866324818,0.18469060858276898,112,0.306270858453838
indegree,largest_loop,0.12544489834415917,0.18753605915568752,112,0.3104693955921917
repograph_k1,unresolved_share,-0.12532581151235894,0.18795861623462398,112,0.3106494658969578
khop2_und,n_clusters,0.12478072393227059,0.18990160288137062,112,0.31271336325937166
hits_auth,indeg_mean,0.12469675744012028,0.1902021972724207,112,0.31271336325937166
hits_auth,outdeg_mean,0.12469675744012028,0.1902021972724207,112,0.31271336325937166
dfs_und,n_wcc,0.124621790242276,0.19047086671252636,112,0.31271336325937166
khop2_und,import_edges,0.12443354846344426,0.19114670728767172,112,0.3133033778390646
labelprop,share_in_loops,0.12430640785315082,0.19160416131198615,112,0.31353408214688644
closure_comb,spl_max,0.12384283608153454,0.19327882755562725,112,0.31575254006612374
closeness,depth_condensed,0.12367087217500837,0.19390274057798965,112,0.3162499393281874
indegree,spl_max,0.12303913626035645,0.19620729890113078,112,0.31948227946072283
locagent_bfs,unresolved_share,-0.12286882051246262,0.19683198039423216,112,0.3199731700989981
hits_auth,spl_mean,0.12237332148836574,0.1986575295522709,112,0.32241140042089866
khop2_und,indeg_gini,-0.1220230976868145,0.19995518984276733,112,0.3236013973511864
closeness,spl_max,0.12199905413883186,0.20004450018073344,112,0.3236013973511864
aider_repomap,isolated_share,-0.12131889721852385,0.20258287204526668,112,0.3271729907419478
ids_und,loc_median,0.1209634880457284,0.20391844243556204,112,0.32879357982281177
ids_und,clustering,-0.12065662832020099,0.20507664584485055,112,0.3298272801002451
robillard,indeg_max,0.12061718445508399,0.20522586317348582,112,0.3298272801002451
bm25,indeg_median,-0.11935753526786641,0.21003215814877388,112,0.33700459735378624
khop1_und,nesting_mean,0.11876003690162983,0.21233984719796584,112,0.34008351651999585
closure_fwd,modularity,0.11868315850616735,0.2126380775008863,112,0.34008351651999585
ids_und,isolated_share,-0.11854724528022695,0.21316604823530208,112,0.3403780447628211
ppr_und,loc_mean,0.11823897222127311,0.21436702835970764,112,0.34174453796475135
dfs_und,single_importer_share,0.11752621351037214,0.21716222297029303,112,0.34564405263760467
cochange,unresolved_share,-0.11734781720681323,0.21786585957855126,112,0.34620738520508143
pagerank,spl_mean,0.11721392694844023,0.2183950147538673,112,0.3464920907152702
indegree,indeg_mean,0.11700891789387365,0.21920700639929672,112,0.34666922737268974
indegree,outdeg_mean,0.11700891789387365,0.21920700639929672,112,0.34666922737268974
khop2_und,isolated_share,-0.11615520960235785,0.22261132330905442,112,0.3514915631195596
bfs_und,loc_median,0.11589764622121948,0.22364569496607578,112,0.3521689950913793
hits_auth,outdeg_median,0.11572408634052923,0.2243446186895276,112,0.3521689950913793
closure_comb,indeg_median,-0.11560783090902005,0.22481363829705592,112,0.3521689950913793
indegree,isolated,0.11555923637945557,0.22500989214762393,112,0.3521689950913793
hits_auth,n_clusters,0.1155191871203364,0.22517172577859804,112,0.3521689950913793
indegree,n_wcc,0.11551844605296745,0.2251747211038819,112,0.3521689950913793
khop1_und,hub_share_top5pct,0.11542863976492296,0.2255379175812541,112,0.3521806599454914
dfs_und,isolated,0.1151831003829549,0.22653303839919717,112,0.35317749293733103
dfs_und,nesting_max,0.11457926455543942,0.22899338991169355,112,0.3564361041194545
bfs_und,isolated_share,-0.11449377495993553,0.22934323063039647,112,0.3564361041194545
repograph_k1,indeg_gini,0.11421566952540403,0.23048388864078534,112,0.35706861649727795
closure_comb,modularity,0.11414733317388186,0.23076478000532064,112,0.35706861649727795
hits_auth,largest_loop,0.1141309306733372,0.2308322369275332,112,0.35706861649727795
closeness,loc_mean,0.1140021184268972,0.23136247064206578,112,0.35733049287932156
aider_repomap,largest_wcc_share,0.11384860476117797,0.23199549722170063,112,0.3577500658091645
closeness,nesting_max,0.1134678762413607,0.23357069396942162,112,0.3596189533899337
pagerank,outdeg_mean,0.11314791403286979,0.23490025167263767,112,0.36054457233474624
pagerank,indeg_mean,0.11314791403286979,0.23490025167263767,112,0.36054457233474624
bm25,spl_mean,0.11299415724194485,0.23554104290758632,112,0.3608469365917652
betweenness,spl_mean,0.11292582089042266,0.23582623027764857,112,0.3608469365917652
closeness,modularity,-0.11200328014487307,0.2396998551564955,112,0.36620811204464593
locagent_bfs,loc_median,0.11154961585994431,0.2416208705636578,112,0.3685742093343932
directory,indeg_gini,-0.11139679502511361,0.24227038139760682,112,0.36899642705173963
robillard,isolated_share,-0.11085484869941159,0.24458349253120076,112,0.37106073890083924
indegree,outdeg_median,0.11082239452041218,0.24472249557907222,112,0.37106073890083924
bm25,hub_share_top5pct,0.11081593603717499,0.2447501641436849,112,0.37106073890083924
dfs_und,loc_mean,0.11061946902654869,0.2455928766669795,112,0.37176903348671203
aider_repomap,spl_mean,0.1102521611371169,0.24717376146869252,112,0.37359087611298564
robillard,indeg_gini,-0.1101496566098336,0.2476161902798557,112,0.37368906764795295
louvain,nesting_mean,0.1100556941264906,0.2480222300745893,112,0.3737321275096551
aider_repomap,largest_loop,0.10994800984639809,0.2484881306443848,112,0.3738651205743784
hits_auth,nesting_mean,0.10931253630368674,0.25124982695101705,112,0.37689963412800814
locagent_bfs,isolated_share,-0.10930873214271011,0.25126642275200545,112,0.37689963412800814
repograph_k2,share_in_loops,-0.10873660418232389,0.25377094531313804,112,0.379365362926367
cochange,files,0.10872397235705393,0.2538264345461013,112,0.379365362926367
dfs_und,loc_median,0.10867086098420811,0.2540598339597791,112,0.379365362926367
bm25,depth_condensed,0.10788738675604116,0.2575199534594454,112,0.383952942657908
cosil_bfs,depth_condensed,0.10762168594258041,0.2587006767631644,112,0.38408337659769287
robillard,n_wcc,0.10752203432611472,0.2591444620179701,112,0.38408337659769287
closure_fwd,outdeg_mean,0.10751870707622921,0.2591592884517766,112,0.38408337659769287
closure_fwd,indeg_mean,0.10751870707622921,0.2591592884517766,112,0.38408337659769287
pagerank,n_wcc,0.10712456436855337,0.2609197147940339,112,0.38557347186072893
pagerank,isolated,0.10711327354894054,0.2609702647854762,112,0.38557347186072893
repograph_k1,isolated_share,-0.10703226770977671,0.2613331309278274,112,0.38557347186072893
closure_fwd,unresolved_share,-0.10680684405431683,0.2623447277282264,112,0.3864900006710479
louvain,depth_condensed,0.1058989161520768,0.2664460751274901,112,0.3919489069483138
khop1_und,clustering,0.10543444835480234,0.26856093343622833,112,0.39447377463184874
directory,import_edges,0.10479513781489216,0.2714904526582124,112,0.39818599723204484
betweenness,outdeg_max,0.10365626872054753,0.276762409493112,112,0.40531772987896575
louvain,outdeg_gini,0.10284620904089932,0.28055388172705237,112,0.41026343118136166
aider_repomap,largest_loop_share,-0.1026838163080957,0.28131812506132514,112,0.4107742534081296
robillard,isolated,0.10244149350149473,0.2824611196264655,112,0.41173674292776646
closure_comb,outdeg_gini,-0.10236785458024396,0.28280907595038507,112,0.41173674292776646
dfs_und,indeg_gini,-0.10147948201045547,0.2870293618057782,112,0.41726735416699035
cosil_bfs,single_importer_share,0.10136459734860857,0.2875781765632982,112,0.4174521917854329
repograph_k2,indeg_median,-0.10078296883048823,0.2903673816765654,112,0.42088390609048276
bfs_und,unresolved_share,-0.09993690451343024,0.2944566438844423,112,0.4261872477274823
dfs_und,largest_loop_share,-0.09805345494206649,0.30369597289485223,112,0.4389182673954799
repograph_k1,largest_wcc_share,0.09775963064145418,0.30515428349102824,112,0.4403830038718921
cosil_bfs,nesting_max,0.09739481018516231,0.3069713291190322,112,0.4423604306082123
closure_comb,spl_mean,0.09721700208425872,0.3078594868206446,112,0.442995482489009
indegree,unresolved_share,-0.09691143324296965,0.3093897277569836,112,0.44432295281251133
robillard,outdeg_mean,-0.0967642737554242,0.31012844484186397,112,0.44432295281251133
robillard,indeg_mean,-0.0967642737554242,0.31012844484186397,112,0.44432295281251133
closeness,loc_median,0.09586168313208217,0.31468441237858685,112,0.44963033501101957
cochange,largest_wcc_share,-0.09585047974378587,0.3147412345077137,112,0.44963033501101957
closure_fwd,loc_mean,0.09562818191136775,0.31587007555284263,112,0.45059275907393975
bm25,indeg_max,0.09536685943333865,0.31720043446708773,112,0.45183946780203865
hits_auth,unresolved_share,-0.09406903189014841,0.32386110993617484,112,0.4606645098230073
ids_und,unresolved_share,-0.09359228644597307,0.32633025470805505,112,0.4630069134009071
labelprop,largest_loop_share,0.09355978321045884,0.32649903262464436,112,0.4630069134009071
dfs_und,unresolved_share,0.09341383429017606,0.32725758364740964,112,0.4630069134009071
topo_fwd,single_importer_share,-0.09339056527302385,0.32737862563700504,112,0.4630069134009071
betweenness,indeg_mean,0.09311682099292719,0.3288047547553806,112,0.4636990131165624
betweenness,outdeg_mean,0.09311682099292719,0.3288047547553806,112,0.4636990131165624
closure_rev,hub_share_top5pct,0.0924590836095261,0.33224758841941504,112,0.46788778454512214
khop1_und,indeg_gini,0.09182697235794582,0.33557784869604707,112,0.4715013240332966
cosil_bfs,largest_loop_share,-0.09179136106513033,0.33576609438734756,112,0.4715013240332966
louvain,outdeg_median,-0.09138343290585789,0.3379272342586858,112,0.47386396871968695
labelprop,indeg_max,0.09109937936283898,0.3394372984801707,112,0.47387088523567056
hits_auth,spl_max,0.09109744069353484,0.3394476193325428,112,0.47387088523567056
indegree,nesting_mean,0.09102402022756005,0.33983863240770545,112,0.47387088523567056
khop2_und,indeg_max,0.09102248783003716,0.3398467964821476,112,0.47387088523567056
closure_fwd,largest_loop_share,-0.08971111569127774,0.34687876158195063,112,0.48191626828175754
repograph_k2,outdeg_mean,-0.08967437728499676,0.3470770699847405,112,0.48191626828175754
repograph_k2,indeg_mean,-0.08967437728499676,0.3470770699847405,112,0.48191626828175754
khop1_und,outdeg_gini,-0.08946082618648991,0.34823119530797614,112,0.4828415733261854
khop2_und,single_importer_share,0.08883763640715706,0.3516129257670194,112,0.48658668065373645
ids_und,largest_wcc_share,0.08878211288359282,0.35191521550310634,112,0.48658668065373645
bfs_und,hub_share_top5pct,0.0886066217924625,0.35287171798396694,112,0.4872287319443895
labelprop,nesting_mean,0.08809409915604607,0.3556744631464804,112,0.4895970382363935
robillard,outdeg_median,-0.08808914272765309,0.3557016349533258,112,0.4895970382363935
louvain,isolated_share,-0.08802186772668748,0.35607057326283165,112,0.4895970382363935
betweenness,outdeg_median,0.08767404450144499,0.3579818406502783,112,0.49154233320912005
labelprop,outdeg_max,0.08749549667416652,0.3589654183502929,112,0.4922101996769944
khop2_und,loc_mean,0.08733385724536168,0.35985729516674514,112,0.4927506531328875
locagent_bfs,largest_wcc_share,0.08719309972236824,0.3606350690154574,112,0.49302338687712377
bm25,outdeg_median,-0.08711763624078306,0.36105248028880277,112,0.49302338687712377
pagerank,clustering,-0.08611234496190248,0.36664152751263374,112,0.4999657193354096
khop1_und,outdeg_median,0.08585026186927532,0.3681073097849974,112,0.5012740532147832
louvain,indeg_gini,0.08559982232548605,0.3695113286781141,112,0.5024948013617211
locagent_bfs,outdeg_max,0.0849444705208906,0.3732008834840792,112,0.5068160146080087
robillard,largest_wcc_share,0.08483549056014698,0.3738166024031085,112,0.5069567621631197
bfs_und,largest_wcc_share,0.08398128434195087,0.37866417301102645,112,0.512828360165412
betweenness,spl_max,0.08348593062237752,0.3814926772392548,112,0.5159532110203036
pagerank,share_in_loops,-0.08309448307506076,0.38373689003021916,112,0.5182803835333111
pagerank,largest_loop,0.08284234107612065,0.38518666009625624,112,0.5195296914104819
repograph_k1,loc_mean,0.08230259336454027,0.38830118912977485,112,0.5230179282156151
ppr_und,unresolved_share,-0.08201532310242172,0.3899649877582258,112,0.5245452960334831
cochange,n_loops,0.08182158646586025,0.39108947253934556,112,0.5253440675901657
closure_comb,outdeg_median,-0.08169486366861753,0.3918260455179604,112,0.5256203049631176
ids_und,outdeg_gini,-0.08103427288917428,0.3956791370949801,112,0.5300708331854266
repograph_k1,single_importer_share,0.08055608943631679,0.3984823182532973,112,0.5331047230686004
khop2_und,largest_wcc_share,0.08023986110625189,0.400342557665535,112,0.5348706236017269
closeness,unresolved_share,-0.0793078153731242,0.40585525822305335,112,0.5406881581154659
cochange,depth_condensed,-0.07924312486617506,0.40623953047829825,112,0.5406881581154659
cosil_bfs,indeg_median,-0.0792270008603675,0.4063353430685926,112,0.5406881581154659
bm25,indeg_mean,-0.07895411213995286,0.4079589283779866,112,0.5412227255571833
bm25,outdeg_mean,-0.07895411213995286,0.4079589283779866,112,0.5412227255571833
cochange,indeg_median,-0.07888392223990605,0.4083771474658747,112,0.5412227255571833
bfs_und,loc_mean,0.07866368264598353,0.40969105555791185,112,0.5422381617678245
cochange,isolated_share,0.07748094048376133,0.4167893666332082,112,0.5501986043542355
bm25,clustering,-0.07747633853828545,0.4168171245107845,112,0.5501986043542355
cosil_bfs,outdeg_gini,-0.07722007722007722,0.41836453040491367,112,0.55081005085467
bm25,spl_max,0.07721535287318583,0.4183930891340524,112,0.55081005085467
repograph_k1,outdeg_gini,-0.07658796596849694,0.42219569606558005,112,0.5546826724980988
cosil_bfs,indeg_gini,0.07654525574879557,0.4224552879429964,112,0.5546826724980988
closure_fwd,indeg_median,-0.07521153137299465,0.4306079393959458,112,0.5646382251681938
cosil_bfs,share_in_loops,-0.07503833774634207,0.43167318451699094,112,0.5646771109193817
hits_auth,largest_loop_share,-0.07502125154203938,0.4317783565312847,112,0.5646771109193817
dfs_und,hub_share_top5pct,0.07458058564253255,0.43449587594021727,112,0.5674814210828695
cosil_bfs,isolated_share,-0.0737736775798473,0.4394971246115034,112,0.5729630468992278
closure_comb,indeg_mean,-0.07362387672122185,0.44042917039425494,112,0.5729630468992278
closure_comb,outdeg_mean,-0.07362387672122185,0.44042917039425494,112,0.5729630468992278
locagent_bfs,indeg_median,-0.0731675559299637,0.4432752312530533,112,0.5759087650138094
hits_auth,n_wcc,0.07304472091055039,0.44404311693485304,112,0.57615030899804
repograph_k2,isolated_share,-0.07212932709827251,0.4497891060305421,112,0.5828419044113046
indegree,largest_loop_share,-0.07151003655783643,0.45369989123369653,112,0.5871410357141955
closeness,clustering,0.07112959989066182,0.4561116769726688,112,0.5891431069495118
bm25,nesting_mean,0.0710783476270202,0.45643713437401573,112,0.5891431069495118
hits_auth,isolated,0.0707734071597509,0.45837619908498595,112,0.5908755691329897
closure_fwd,outdeg_median,0.07043422029807835,0.46053837286372756,112,0.5927233296761804
robillard,clustering,-0.07036081593603717,0.46100703419258476,112,0.5927233296761804
pagerank,unresolved_share,-0.06813091513830169,0.47536880691352373,112,0.6099560628302392
ids_und,loc_mean,0.06808877765241218,0.47564250556055016,112,0.6099560628302392
closeness,largest_wcc_share,0.06767021660549609,0.47836583831632634,112,0.6126548252692925
khop2_und,n_wcc,0.067351925389349,0.48044238561336144,112,0.6143573615083834
dfs_und,isolated_share,-0.0672133598143957,0.4813479055166156,112,0.6143573615083834
labelprop,n_clusters,0.06718140154443628,0.481556881343945,112,0.6143573615083834
directory,loc_mean,-0.06685003587658456,0.4837265557599963,112,0.6163311328216169
bfs_und,outdeg_gini,-0.06664502682201796,0.4850715030202258,112,0.6172503701671254
betweenness,share_in_loops,0.0657904296675107,0.49069948044405765,112,0.6236103795117035
dfs_und,share_in_loops,-0.06545724868360824,0.4929029955807981,112,0.6255918901026629
locagent_bfs,indeg_gini,0.06536372023097688,0.4935224910809896,112,0.6255918901026629
cosil_bfs,largest_wcc_share,0.06494956980054147,0.4962705936878242,112,0.6280082797953203
aider_repomap,indeg_median,-0.0648853481064293,0.4966974576562988,112,0.6280082797953203
repograph_k2,outdeg_max,0.06459181127792055,0.49865097134434544,112,0.6296740582026811
bfs_und,largest_loop_share,-0.06435946005716035,0.5002001410595507,112,0.6308256556037646
closeness,single_importer_share,-0.06385632220785602,0.5035633539215827,112,0.6338130850088703
louvain,single_importer_share,-0.06381361180573718,0.5038493918201827,112,0.6338130850088703
khop2_und,isolated,0.06252406087286122,0.512525373651343,112,0.643908781617804
louvain,largest_wcc_share,0.06239122217704411,0.513423443678051,112,0.6442195300903303
closeness,nesting_mean,0.062211706017015755,0.5146383641962807,112,0.6448342927577779
ids_und,hub_share_top5pct,0.06212641824940331,0.5152160864357599,112,0.6448342927577779
louvain,indeg_median,0.061990924252113604,0.5161345781384439,112,0.6451682226730548
bm25,indeg_gini,0.061776061776061784,0.51759281098301,112,0.6461751360317527
closeness,share_in_loops,0.05999393485782287,0.5297683137936254,112,0.660542355989533
repograph_k2,largest_wcc_share,0.05981579042918283,0.5309932427483082,112,0.6612368683280818
repograph_k2,largest_loop,0.05933424057579491,0.5343114783481221,112,0.6645331200560814
closeness,isolated_share,-0.059226514618175324,0.535055200600071,112,0.6646231475458849
bfs_und,outdeg_max,0.05885734377759179,0.5376077939836523,112,0.666957037648892
cochange,largest_loop,0.05852243775953502,0.5399286735213314,112,0.6681846293221045
directory,outdeg_max,-0.058519770802535176,0.5399471752097814,112,0.6681846293221045
aider_repomap,share_in_loops,-0.058396374755521285,0.540803562260247,112,0.6684088971755862
directory,share_in_loops,0.05757623694899213,0.5465123980566644,112,0.674622536254486
khop2_und,loc_median,0.056690969533600366,0.5527074479097187,112,0.6814201412585573
repograph_k2,loc_median,-0.05572568970879861,0.5595009032608783,112,0.6889376793883949
cosil_bfs,loc_mean,0.05493388457990228,0.5651031397227615,112,0.6949715631373092
closure_fwd,clustering,-0.053456110978234876,0.5756293602096783,112,0.7070385441781407
closure_rev,indeg_gini,0.0527898315508935,0.5804049737674507,112,0.7120209715362779
repograph_k2,outdeg_median,-0.05218756209922821,0.584737478790292,112,0.7164481485178082
khop2_und,unresolved_share,-0.0519436803154553,0.5864960835541347,112,0.7172208756163159
locagent_bfs,largest_loop_share,-0.05188653091619611,0.58690853104354,112,0.7172208756163159
directory,loc_median,-0.05177487626657905,0.5877147253045161,112,0.7172208756163159
repograph_k1,indeg_median,-0.05169856563826983,0.5882660111115641,112,0.7172208756163159
ppr_fwd,indeg_median,0.05091576653242818,0.5939346926718785,112,0.7232415076816233
betweenness,single_importer_share,-0.04950562709593065,0.6042079700653196,112,0.7348475311605237
dfs_und,largest_loop,0.049041435394899836,0.6076068731918157,112,0.7378614854198944
khop2_und,outdeg_max,-0.04888398524870409,0.6087616620091247,112,0.7378614854198944
betweenness,indeg_median,-0.04886212690290535,0.6089220541293472,112,0.7378614854198944
bfs_und,outdeg_median,-0.048637147483575865,0.6105739843144228,112,0.7389587340724677
cosil_bfs,largest_loop,0.04840481108109603,0.6122819887707649,112,0.7401210853272981
ids_und,outdeg_max,0.04828799431746541,0.6131415453933097,112,0.74025625602363
louvain,nesting_max,0.04765243440683383,0.6178272720550074,112,0.7449864345705529
hits_auth,indeg_median,-0.04755262963325669,0.6185644941585803,112,0.7449864345705529
bfs_rev,modularity,0.047160624594252916,0.6214637552696638,112,0.747568794309802
labelprop,outdeg_median,-0.04652632884392185,0.6261672781938872,112,0.7523126279271217
aider_repomap,loc_mean,-0.04599890661837565,0.630089761850819,112,0.7561077142209829
cochange,spl_max,0.045664762566937515,0.6325801616867104,112,0.758177191367849
bm25,outdeg_max,0.0454185209098318,0.6344180541511235,112,0.7594605485001358
ppr_und,indeg_gini,0.04490552499402057,0.6382540784342753,112,0.7631298763888074
bfs_fwd,indeg_median,0.04436828018418483,0.6422816915001954,112,0.766095029620715
closure_fwd_trim,indeg_median,0.04436828018418483,0.6422816915001954,112,0.766095029620715
robillard,outdeg_gini,-0.043940274028769606,0.6454978145379039,112,0.766924973256039
repograph_k1,clustering,-0.04391464789694879,0.6456905827504668,112,0.766924973256039
bfs_fwd,clustering,0.04386339563330714,0.6460761895914511,112,0.766924973256039
closure_fwd_trim,clustering,0.04386339563330714,0.6460761895914511,112,0.766924973256039
dfs_und,outdeg_max,-0.04257265253783556,0.6558180570134996,112,0.7775567382555265
bm25,nesting_max,0.041590718861121555,0.6632681717646793,112,0.7853726619858313
closure_comb,largest_loop,-0.04145748803247195,0.6642815748312002,112,0.7853726619858313
pagerank,single_importer_share,-0.0413906506933538,0.664790192670835,112,0.7853726619858313
betweenness,largest_loop_share,0.04070788175116069,0.669994604022571,112,0.7884038486836961
bfs_fwd,unresolved_share,-0.04054516912770097,0.6712372027497134,112,0.7884038486836961
closure_fwd_trim,unresolved_share,-0.04054516912770097,0.6712372027497134,112,0.7884038486836961
bfs_und,indeg_mean,-0.04053199849660027,0.671337822667026,112,0.7884038486836961
bfs_und,outdeg_mean,-0.04053199849660027,0.671337822667026,112,0.7884038486836961
bfs_rev,hub_share_top5pct,0.04028427922233232,0.673231408987381,112,0.7896908707316435
closeness,largest_loop_share,0.03979804137204241,0.676954188223969,112,0.7926122094896773
closure_rev,single_importer_share,-0.03969931876944831,0.6777109926318061,112,0.7926122094896773
repograph_k1,outdeg_mean,0.03954112139952848,0.6789243976234811,112,0.7926122094896773
repograph_k1,indeg_mean,0.03954112139952848,0.6789243976234811,112,0.7926122094896773
bfs_und,indeg_median,-0.039260757623230426,0.6810768588496252,112,0.7938688835679093
topo_fwd,loc_median,0.039192069346818126,0.6816045970027504,112,0.7938688835679093
ppr_und,outdeg_median,0.038533480020127374,0.6866723661145578,112,0.798831542248428
repograph_k1,largest_loop_share,-0.03837988641491908,0.6878562617065027,112,0.799269599870232
aider_repomap,loc_median,-0.038085841582996646,0.690124856081501,112,0.8001860241694485
ids_und,share_in_loops,0.038068144481422504,0.6902614794350597,112,0.8001860241694485
hits_auth,share_in_loops,-0.037837399428308646,0.6920437634873694,112,0.8013138314064276
bfs_rev,outdeg_gini,0.03743123654628079,0.6951850669024409,112,0.8040107666278229
khop2_und,outdeg_gini,-0.03723476953565449,0.6967064199071692,112,0.8048300533350029
indegree,share_in_loops,-0.036743882352936436,0.7005128825411708,112,0.8082840952398125
ppr_und,share_in_loops,0.03649186083947175,0.7024700134464974,112,0.8095987349383381
topo_fwd,unresolved_share,-0.036267114210234416,0.7042169780627996,112,0.8103461629007791
khop2_und,largest_loop,0.03619786031238816,0.7047556022803746,112,0.8103461629007791
closure_fwd,share_in_loops,-0.035671723032942595,0.7088524022952162,112,0.8141112276940418
khop1_und,indeg_median,0.0354772286116625,0.7103689576793342,112,0.8148838894569274
directory,indeg_max,0.03537437684064848,0.7111713944351367,112,0.8148838894569274
closure_rev,nesting_mean,0.035210305121809546,0.7124521149296571,112,0.8154076228674688
closure_comb,loc_mean,-0.03501383811118324,0.7139867611136915,112,0.8162204312962524
hits_auth,modularity,-0.034057129189872554,0.7214760377998075,112,0.8217696200386332
ppr_und,indeg_mean,0.03394608261864899,0.7223470532774717,112,0.8217696200386332
ppr_und,outdeg_mean,0.03394608261864899,0.7223470532774717,112,0.8217696200386332
closure_rev,nesting_max,0.033930552393566966,0.7224688959580233,112,0.8217696200386332
ids_und,outdeg_mean,-0.03375822974311039,0.7238213218926143,112,0.8217696200386332
ids_und,indeg_mean,-0.03375822974311039,0.7238213218926143,112,0.8217696200386332
directory,isolated_share,-0.03344651589925226,0.7262698796249129,112,0.8236050181313446
betweenness,clustering,0.03329688727918816,0.7274462166648701,112,0.8239951424464775
repograph_k2,indeg_gini,0.032297468138176105,0.7353194946752257,112,0.8312046617492695
topo_fwd,share_in_loops,0.032275839927782816,0.7354901855478385,112,0.8312046617492695
khop2_und,largest_loop_share,-0.03187858567774525,0.7386276185528206,112,0.8335853606051338
cosil_bfs,outdeg_max,0.0317959557898258,0.7392807541528359,112,0.8335853606051338
labelprop,single_importer_share,0.03135797723564169,0.7427457779727821,112,0.8348697386146354
locagent_bfs,indeg_mean,-0.03133221717292514,0.7429497370903978,112,0.8348697386146354
locagent_bfs,outdeg_mean,-0.03133221717292514,0.7429497370903978,112,0.8348697386146354
closure_fwd,loc_median,0.031089698428017558,0.7448707859086952,112,0.8360794535709843
ids_und,indeg_median,-0.03098103200672382,0.745732067399528,112,0.8360982409122681
ids_und,outdeg_median,-0.03037951431413983,0.7505052931080181,112,0.8393883872270432
bm25,isolated_share,-0.030149272855678925,0.7523348359861551,112,0.8393883872270432
aider_repomap,outdeg_mean,0.030110704889465954,0.752641439009696,112,0.8393883872270432
aider_repomap,indeg_mean,0.030110704889465954,0.752641439009696,112,0.8393883872270432
robillard,loc_median,0.030077435956875898,0.7529059473309236,112,0.8393883872270432
closure_comb,largest_wcc_share,0.029602516491586302,0.7566849527286387,112,0.8426525345347045
directory,unresolved_share,-0.029406809928170942,0.7582438961217745,112,0.8434398395062435
closure_rev,outdeg_gini,0.02787268937711416,0.7704974114798212,112,0.8561082349775792
betweenness,unresolved_share,0.027643557563539464,0.7723325029334871,112,0.8571851770225922
robillard,share_in_loops,0.026812526101997445,0.7789986165137429,112,0.8627858451756422
hits_auth,loc_median,0.026797193012416842,0.7791217632192162,112,0.8627858451756422
cochange,single_importer_share,-0.02619428961947568,0.783968248161505,112,0.8664683211432774
robillard,indeg_median,0.02616578492674372,0.7841975916609865,112,0.8664683211432774
pagerank,indeg_median,-0.02590001979821724,0.786336776090195,112,0.8678633314707838
louvain,indeg_mean,-0.02537841254655414,0.7905398872699994,112,0.8705611661816456
louvain,outdeg_mean,-0.02537841254655414,0.7905398872699994,112,0.8705611661816456
labelprop,clustering,-0.024797553558615508,0.795227525060674,112,0.8747502775667413
ppr_und,largest_loop_share,-0.024048832556037222,0.8012805898097085,112,0.8804303927986808
directory,largest_loop_share,0.023519160222653806,0.8055698872948156,112,0.884162071421139
dfs_und,largest_wcc_share,0.02253823106710445,0.8135286383620697,112,0.890296011105159
closure_comb,isolated_share,-0.02252546607746857,0.8136323340429404,112,0.890296011105159
cochange,import_edges,0.02242742373108896,0.814428882846749,112,0.890296011105159
bm25,largest_loop_share,-0.022387199187600546,0.8147557434962365,112,0.890296011105159
bfs_und,share_in_loops,-0.02218643628704393,0.8163875973648984,112,0.8910473558317126
cochange,indeg_gini,0.022081183585608368,0.8172434334294899,112,0.8910473558317126
louvain,clustering,-0.021850548399220963,0.8191195360713265,112,0.8921103858202566
aider_repomap,outdeg_median,0.021474709298404702,0.822178985209099,112,0.8944584564362725
indegree,loc_median,0.019813863306439552,0.8357301486181704,112,0.908170723514471
cosil_bfs,outdeg_median,-0.019703917929155212,0.8366289600821475,112,0.908170723514471
pagerank,loc_median,0.019403832938382166,0.8390832442485079,112,0.908170723514471
labelprop,outdeg_gini,0.019193972733795743,0.840800532351144,112,0.908170723514471
cochange,spl_mean,0.019185430689855468,0.8408704478656155,112,0.908170723514471
repograph_k1,share_in_loops,-0.01908529020610556,0.8416901768334291,112,0.908170723514471
directory,indeg_median,-0.019062607855217725,0.8418758733383108,112,0.908170723514471
locagent_bfs,loc_mean,0.01897187959134862,0.8426187366755138,112,0.908170723514471
ppr_fwd,unresolved_share,0.018692402116858336,0.8449079030959568,112,0.908170723514471
closure_fwd,single_importer_share,-0.01843808059469697,0.8469921437334613,112,0.908170723514471
topo_fwd,largest_loop_share,-0.018380484278619567,0.8474643098833273,112,0.908170723514471
cochange,hub_share_top5pct,-0.01835685242764889,0.8476580559653343,112,0.908170723514471
hits_auth,clustering,-0.018245805856425327,0.8485685943335339,112,0.908170723514471
closure_comb,single_importer_share,0.01791274264863542,0.8513007729655843,112,0.908170723514471
closure_fwd_trim,single_importer_share,0.01789992952799977,0.8514059167366297,112,0.908170723514471
bfs_fwd,single_importer_share,0.01789992952799977,0.8514059167366297,112,0.908170723514471
topo_fwd,modularity,0.017852871835172722,0.8517920919452369,112,0.908170723514471
cosil_bfs,indeg_mean,-0.017801619571531074,0.8522127294393369,112,0.908170723514471
cosil_bfs,outdeg_mean,-0.017801619571531074,0.8522127294393369,112,0.908170723514471
louvain,unresolved_share,-0.01722784277574366,0.8569246330487894,112,0.91110332852792
khop2_und,share_in_loops,0.01705203189408536,0.8583694220466791,112,0.91110332852792
indegree,clustering,-0.016964499265384222,0.8590889276290368,112,0.91110332852792
ppr_und,indeg_median,0.016714210537692804,0.861146899817429,112,0.91110332852792
closure_rev,modularity,-0.016699695903235726,0.8612662735091496,112,0.91110332852792
bfs_und,indeg_gini,0.01669115385929545,0.8613365278812661,112,0.91110332852792
betweenness,modularity,-0.01668261181535518,0.8614067833354879,112,0.91110332852792
directory,hub_share_top5pct,-0.01619571531075956,0.865413115463604,112,0.9143639106819295
bfs_rev,nesting_max,0.016055354688643324,0.8665686836399794,112,0.9146087385965668
bfs_rev,nesting_mean,0.015204838213687774,0.8735767909014596,112,0.9202948034821276
robillard,loc_mean,-0.015170670037926676,0.8738585389719543,112,0.9202948034821276
locagent_bfs,share_in_loops,-0.01506148909282189,0.8747589419785652,112,0.9202948034821276
indegree,indeg_median,-0.014950496502926144,0.8756744493739032,112,0.9202948034821276
khop1_und,single_importer_share,0.013522113310820155,0.8874705013910061,112,0.9317028593606533
robillard,hub_share_top5pct,-0.013052243140738717,0.8913563516219442,112,0.9346162969743507
indegree,loc_mean,0.012958280657395701,0.8921337380209712,112,0.9346162969743507
ids_und,indeg_gini,-0.01274048574439503,0.8939360278872676,112,0.935514447789001
aider_repomap,clustering,-0.01254826254826255,0.8955271566016406,112,0.9361899525191385
robillard,largest_loop_share,-0.01234051105761839,0.897247286888854,112,0.9369987489662083
locagent_bfs,outdeg_median,-0.012152662963028941,0.8988030324014876,112,0.9376343541385382
topo_fwd,indeg_median,0.011843460545789263,0.9013646591829495,112,0.9393168553590737
dfs_und,indeg_median,-0.010935027015553288,0.9088964576654944,112,0.946169813973543
labelprop,outdeg_mean,-0.010660470837461989,0.9111744172304805,112,0.9465505488543292
labelprop,indeg_mean,-0.010660470837461989,0.9111744172304805,112,0.9465505488543292
cochange,indeg_max,-0.010542683497490695,0.9121519064671529,112,0.9465727331262909
bm25,outdeg_gini,-0.010190658420746916,0.9150740549896594,112,0.9486108004604846
betweenness,largest_wcc_share,0.009370642213611363,0.921885307442533,112,0.9546720233976022
cochange,largest_loop_share,-0.009081317586880128,0.9242898825317432,112,0.9561619474466309
hits_auth,loc_mean,0.0085847541599754,0.9284183967862352,112,0.9594302847790948
closure_comb,unresolved_share,-0.008315228364355021,0.9306600839232245,112,0.9607439865317959
bm25,share_in_loops,-0.007881011734616104,0.9342726637746377,112,0.9634686845175952
cochange,share_in_loops,0.006817395516773607,0.9431271924166614,112,0.9711511149313956
directory,outdeg_gini,0.006688420405234565,0.9442013940094268,112,0.9711511149313956
repograph_k1,outdeg_median,-0.006632739742176406,0.9446651754332666,112,0.9711511149313956
ppr_fwd,clustering,-0.006491953394608263,0.9458379105356152,112,0.9713480616496463
betweenness,isolated_share,-0.006363849915705,0.9469050993707157,112,0.9714363195616669
directory,largest_wcc_share,-0.006064864149192404,0.9493962158579214,112,0.9729836994817208
bfs_rev,indeg_gini,0.005535244473297571,0.9538101312044442,112,0.9764964114709409
closure_comb,outdeg_max,-0.005341344542034975,0.9554264736034409,112,0.9771407116398827
pagerank,loc_mean,0.005031263880821402,0.9580116671725748,112,0.9787735299286369
ppr_fwd,single_importer_share,-0.004463237021417266,0.9627485113729886,112,0.9816143891536914
closeness,indeg_median,-0.0044600220659989755,0.9627753251194286,112,0.9816143891536914
aider_repomap,single_importer_share,-0.004087385482771601,0.9658835058292284,112,0.983348104065135
robillard,outdeg_max,0.0039611411123731365,0.9669366348361496,112,0.983348104065135
bm25,largest_wcc_share,-0.003882367261701335,0.9675937942769608,112,0.983348104065135
indegree,single_importer_share,0.0037798705875160574,0.9684488903671784,112,0.983348104065135
hits_auth,single_importer_share,0.003647468340947698,0.9695535316489454,112,0.983461061816041
labelprop,nesting_max,-0.0034625723570102266,0.9710962278324992,112,0.9840176720104137
khop1_und,unresolved_share,-0.0032278117057461557,0.9730551272960067,112,0.9849944540112952
labelprop,isolated,-0.002598757794004623,0.9783048629683262,112,0.9892970524398804
labelprop,n_wcc,0.002034362363432332,0.9830157902202349,112,0.9930465635898291
topo_fwd,clustering,0.0018109133153380943,0.9848810576423808,112,0.9939166636757971
cochange,outdeg_max,0.0013930226565627213,0.9883696604194327,112,0.9964215517466786
khop2_und,indeg_median,0.0011838628452543328,0.9901158388061557,112,0.9971665111069117
bfs_rev,single_importer_share,-0.0009011894847072181,0.9924758204318377,112,0.9983014184105197
ids_und,largest_loop_share,-0.0008073248773551226,0.9932594920549109,112,0.9983014184105197
pagerank,modularity,0.00044418628489424953,0.996291374440316,112,0.9988798547511196
indegree,modularity,0.0004100181091331534,0.9965766515310408,112,0.9988798547511196
bm25,single_importer_share,-0.00037585153864566444,0.9968619156506122,112,0.9988798547511196
dfs_und,outdeg_gini,-5.97943075819182e-05,0.9995007602030102,112,0.9999286800245053
khop2_und,hub_share_top5pct,-8.542043940274029e-06,0.9999286800245053,112,0.9999286800245053
