repo,repo_key,dataset,instance_id,pr_number,base_commit,created_at,image,n_src_py_files_study,file_group,src_changed_lines_study,n_new_src_py_study,n_f2p,draw_rank
ansible/ansible,ansible/ansible,swebench_pro,instance_ansible__ansible-83909bfa22573777e3db5688773bda59721962ad-vba6da65a0f3baefda7a058ebbd0a8dcafb8512f5,,b6360dc5e068288dcdf9513dba732f1d823d1dfe,,jefzda/sweap-images:ansible.ansible-ansible__ansible-83909bfa22573777e3db5688773bda59721962ad-vba6da65a0f3baefda7a058ebbd0a8dcafb8512f5,3,multi,184,0,1.0,1
ansible/ansible,ansible/ansible,swebench_pro,instance_ansible__ansible-415e08c2970757472314e515cb63a51ad825c45e-v7eee2454f617569fd6889f2211f75bc02a35f9f8,,f05bcf569367904985c0e5796a4c14ce0b7d4be9,,jefzda/sweap-images:ansible.ansible-ansible__ansible-415e08c2970757472314e515cb63a51ad825c45e-v7eee2454f617569fd6889f2211f75bc02a35f9f8,2,multi,70,1,9.0,2
ansible/ansible,ansible/ansible,swebench_pro,instance_ansible__ansible-5640093f1ca63fd6af231cc8a7fb7d40e1907b8c-vba6da65a0f3baefda7a058ebbd0a8dcafb8512f5,,a5a13246ce02fd4c4ce997627b4f42152e59d288,,jefzda/sweap-images:ansible.ansible-ansible__ansible-5640093f1ca63fd6af231cc8a7fb7d40e1907b8c-vba6da65a0f3baefda7a058ebbd0a8dcafb8512f5,4,multi,29,0,4.0,3
ansible/ansible,ansible/ansible,swebench_pro,instance_ansible__ansible-29aea9ff3466e4cd2ed00524b9e56738d568ce8b-vba6da65a0f3baefda7a058ebbd0a8dcafb8512f5,,270f109bb3af5c2498725b384f77ddc26da2fb73,,jefzda/sweap-images:ansible.ansible-ansible__ansible-29aea9ff3466e4cd2ed00524b9e56738d568ce8b-vba6da65a0f3baefda7a058ebbd0a8dcafb8512f5,2,multi,59,0,4.0,4
ansible/ansible,ansible/ansible,swebench_pro,instance_ansible__ansible-0fd88717c953b92ed8a50495d55e630eb5d59166-vba6da65a0f3baefda7a058ebbd0a8dcafb8512f5,,016b7f71b10539c90ddbb3246f19f9cbf0e65428,,jefzda/sweap-images:ansible.ansible-ansible__ansible-0fd88717c953b92ed8a50495d55e630eb5d59166-vba6da65a0f3baefda7a058ebbd0a8dcafb8512f5,2,multi,108,0,4.0,5
ansible/ansible,ansible/ansible,swebench_pro,instance_ansible__ansible-a20a52701402a12f91396549df04ac55809f68e9-v1055803c3a812189a1133297f7f5468579283f86,,8c044b846d1ea9e2a9c8870b1eaf6db3775e8e2c,,jefzda/sweap-images:ansible.ansible-ansible__ansible-a20a52701402a12f91396549df04ac55809f68e9-v1055803c3a812189a1133297f7f5468579283f86,1,single,48,0,1.0,6
ansible/ansible,ansible/ansible,swebench_pro,instance_ansible__ansible-a7d2a4e03209cff1e97e59fd54bb2b05fdbdbec6-v0f01c69f1e2528b935359cfe578530722bca2c59,,38067860e271ce2f68d6d5d743d70286e5209623,,jefzda/sweap-images:ansible.ansible-ansible__ansible-a7d2a4e03209cff1e97e59fd54bb2b05fdbdbec6-v0f01c69f1e2528b935359cfe578530722bca2c59,3,multi,35,0,2.0,7
ansible/ansible,ansible/ansible,swebench_pro,instance_ansible__ansible-6cc97447aac5816745278f3735af128afb255c81-v0f01c69f1e2528b935359cfe578530722bca2c59,,e094d48b1bdd93cbc189f416543e810c19b2e561,,jefzda/sweap-images:ansible.ansible-ansible__ansible-6cc97447aac5816745278f3735af128afb255c81-v0f01c69f1e2528b935359cfe578530722bca2c59,7,multi,83,0,8.0,8
ansible/ansible,ansible/ansible,swebench_pro,instance_ansible__ansible-9142be2f6cabbe6597c9254c5bb9186d17036d55-v0f01c69f1e2528b935359cfe578530722bca2c59,,7fff4086523678f3c6533da4c500f86f6fb47efa,,jefzda/sweap-images:ansible.ansible-ansible__ansible-9142be2f6cabbe6597c9254c5bb9186d17036d55-v0f01c69f1e2528b935359cfe578530722bca2c59,1,single,79,0,2.0,9
ansible/ansible,ansible/ansible,swebench_pro,instance_ansible__ansible-3b823d908e8a5d17674f8c26d337d3114b7493b1-v0f01c69f1e2528b935359cfe578530722bca2c59,,92df66480613d0f3c1f11ab27146e3162d2a5bd5,,jefzda/sweap-images:ansible.ansible-ansible__ansible-3b823d908e8a5d17674f8c26d337d3114b7493b1-v0f01c69f1e2528b935359cfe578530722bca2c59,6,multi,43,0,1.0,10
ansible/ansible,ansible/ansible,swebench_pro,instance_ansible__ansible-f8ef34672b961a95ec7282643679492862c688ec-vba6da65a0f3baefda7a058ebbd0a8dcafb8512f5,,e889b1063f60f6b99f5d031f7e903f7be5f58900,,jefzda/sweap-images:ansible.ansible-ansible__ansible-f8ef34672b961a95ec7282643679492862c688ec-vba6da65a0f3baefda7a058ebbd0a8dcafb8512f5,6,multi,49,0,1.0,11
ansible/ansible,ansible/ansible,swebench_pro,instance_ansible__ansible-cd473dfb2fdbc97acf3293c134b21cbbcfa89ec3-vba6da65a0f3baefda7a058ebbd0a8dcafb8512f5,,e8ae7211dabbd07093f50d6dfb383da3bb14f13d,,jefzda/sweap-images:ansible.ansible-ansible__ansible-cd473dfb2fdbc97acf3293c134b21cbbcfa89ec3-vba6da65a0f3baefda7a058ebbd0a8dcafb8512f5,1,single,35,0,17.0,12
ansible/ansible,ansible/ansible,swebench_pro,instance_ansible__ansible-489156378c8e97374a75a544c7c9c2c0dd8146d1-v390e508d27db7a51eece36bb6d9698b63a5b638a,,5ee81338fcf7adbc1a8eda26dd8105a07825cb08,,jefzda/sweap-images:ansible.ansible-ansible__ansible-489156378c8e97374a75a544c7c9c2c0dd8146d1-v390e508d27db7a51eece36bb6d9698b63a5b638a,2,multi,88,0,3.0,13
ansible/ansible,ansible/ansible,swebench_pro,instance_ansible__ansible-3db08adbb1cc6aa9941be5e0fc810132c6e1fa4b-vba6da65a0f3baefda7a058ebbd0a8dcafb8512f5,,709484969c8a4ffd74b839a673431a8c5caa6457,,jefzda/sweap-images:ansible.ansible-ansible__ansible-3db08adbb1cc6aa9941be5e0fc810132c6e1fa4b-vba6da65a0f3baefda7a058ebbd0a8dcafb8512f5,1,single,32,0,2.0,14
ansible/ansible,ansible/ansible,swebench_pro,instance_ansible__ansible-f86c58e2d235d8b96029d102c71ee2dfafd57997-v0f01c69f1e2528b935359cfe578530722bca2c59,,3398c102b5c41d48d0cbc2d81f9c004f07ac3fcb,,jefzda/sweap-images:ansible.ansible-ansible__ansible-f86c58e2d235d8b96029d102c71ee2dfafd57997-v0f01c69f1e2528b935359cfe578530722bca2c59,2,multi,84,0,15.0,15
ansible/ansible,ansible/ansible,swebench_pro,instance_ansible__ansible-77658704217d5f166404fc67997203c25381cb6e-v390e508d27db7a51eece36bb6d9698b63a5b638a,,db2d5b09eff918e981c9e10787a5f2c500d1784f,,jefzda/sweap-images:ansible.ansible-ansible__ansible-77658704217d5f166404fc67997203c25381cb6e-v390e508d27db7a51eece36bb6d9698b63a5b638a,1,single,148,0,33.0,16
ansible/ansible,ansible/ansible,swebench_pro,instance_ansible__ansible-1a4644ff15355fd696ac5b9d074a566a80fe7ca3-v30a923fb5c164d6cd18280c02422f75e611e8fb2,,1503805b703787aba06111f67e7dc564e3420cad,,jefzda/sweap-images:ansible.ansible-ansible__ansible-1a4644ff15355fd696ac5b9d074a566a80fe7ca3-v30a923fb5c164d6cd18280c02422f75e611e8fb2,1,single,113,0,11.0,17
ansible/ansible,ansible/ansible,swebench_pro,instance_ansible__ansible-0ea40e09d1b35bcb69ff4d9cecf3d0defa4b36e8-v30a923fb5c164d6cd18280c02422f75e611e8fb2,,f7234968d241d7171aadb1e873a67510753f3163,,jefzda/sweap-images:ansible.ansible-ansible__ansible-0ea40e09d1b35bcb69ff4d9cecf3d0defa4b36e8-v30a923fb5c164d6cd18280c02422f75e611e8fb2,2,multi,29,0,1.0,18
ansible/ansible,ansible/ansible,swebench_pro,instance_ansible__ansible-f327e65d11bb905ed9f15996024f857a95592629-vba6da65a0f3baefda7a058ebbd0a8dcafb8512f5,,f533d46572113655a0a698beab4b38671744a458,,jefzda/sweap-images:ansible.ansible-ansible__ansible-f327e65d11bb905ed9f15996024f857a95592629-vba6da65a0f3baefda7a058ebbd0a8dcafb8512f5,2,multi,61,0,4.0,19
ansible/ansible,ansible/ansible,swebench_pro,instance_ansible__ansible-5e88cd9972f10b66dd97e1ee684c910c6a2dd25e-v906c969b551b346ef54a2c0b41e04f632b7b73c2,,5fa2d29c9a06baa8cc5d271c41e23b1f99b3814a,,jefzda/sweap-images:ansible.ansible-ansible__ansible-5e88cd9972f10b66dd97e1ee684c910c6a2dd25e-v906c969b551b346ef54a2c0b41e04f632b7b73c2,1,single,200,1,3.0,20
facebookresearch/hydra,facebookresearch/hydra,swegym,facebookresearch__hydra-1733,1733,bba4a79bd3ef0cf5ef2f55106ef100243abea02d,2021-07-22 02:12:04+00:00,xingyaoww/sweb.eval.x86_64.facebookresearch_s_hydra-1733,1,single,7,0,1.0,1
facebookresearch/hydra,facebookresearch/hydra,swegym,facebookresearch__hydra-1671,1671,2039df435ecfd7e382ffa07ddfaccf6e3972ab62,2021-06-14 17:45:39+00:00,xingyaoww/sweb.eval.x86_64.facebookresearch_s_hydra-1671,1,single,7,0,2.0,2
facebookresearch/hydra,facebookresearch/hydra,swegym,facebookresearch__hydra-1404,1404,5198be6ab1fa7496dfbe879b7e41237e18c10a06,2021-02-18 21:18:38+00:00,xingyaoww/sweb.eval.x86_64.facebookresearch_s_hydra-1404,1,single,24,0,41.0,3
facebookresearch/hydra,facebookresearch/hydra,swegym,facebookresearch__hydra-1372,1372,d9990c5ecc1feb1a0d08a525503400b269ee2917,2021-02-02 02:02:54+00:00,xingyaoww/sweb.eval.x86_64.facebookresearch_s_hydra-1372,2,multi,25,0,6.0,4
facebookresearch/hydra,facebookresearch/hydra,swegym,facebookresearch__hydra-952,952,32463accd068c4915161f0648b5e9da4c9ef117e,2020-09-08 21:36:24+00:00,xingyaoww/sweb.eval.x86_64.facebookresearch_s_hydra-952,1,single,24,0,5.0,5
facebookresearch/hydra,facebookresearch/hydra,swegym,facebookresearch__hydra-1458,1458,3b5aa5d7d7e98acce42f29dbd8d70cdb4ccf30ec,2021-03-07 00:43:25+00:00,xingyaoww/sweb.eval.x86_64.facebookresearch_s_hydra-1458,1,single,48,0,3.0,6
facebookresearch/hydra,facebookresearch/hydra,swegym,facebookresearch__hydra-892,892,7afee0976f7507c3c1b607ebd129d3408b608fa2,2020-08-19 19:04:12+00:00,xingyaoww/sweb.eval.x86_64.facebookresearch_s_hydra-892,1,single,10,0,1.0,7
facebookresearch/hydra,facebookresearch/hydra,swegym,facebookresearch__hydra-1456,1456,7e7832f72664b40ee04834ac8956e7146a3d37fb,2021-03-06 00:38:08+00:00,xingyaoww/sweb.eval.x86_64.facebookresearch_s_hydra-1456,2,multi,57,0,11.0,8
facebookresearch/hydra,facebookresearch/hydra,swegym,facebookresearch__hydra-801,801,90dae30eb81460ac30f19d8ad29631800d35aea8,2020-07-20 23:34:28+00:00,xingyaoww/sweb.eval.x86_64.facebookresearch_s_hydra-801,3,multi,52,0,1.0,9
facebookresearch/hydra,facebookresearch/hydra,swegym,facebookresearch__hydra-1450,1450,de03d15a259999f2dc53d506a7de825f93cb5d78,2021-03-04 20:38:48+00:00,xingyaoww/sweb.eval.x86_64.facebookresearch_s_hydra-1450,5,multi,101,0,8.0,10
facebookresearch/hydra,facebookresearch/hydra,swegym,facebookresearch__hydra-1731,1731,0ccf75f14db36bbedb8659102cc1b4b9bb32b8f2,2021-07-21 22:10:21+00:00,xingyaoww/sweb.eval.x86_64.facebookresearch_s_hydra-1731,1,single,9,0,2.0,11
facebookresearch/hydra,facebookresearch/hydra,swegym,facebookresearch__hydra-2290,2290,1d897e9f75bb47ddc65ef02e981fc6a2918fee0b,2022-07-12 17:34:34+00:00,xingyaoww/sweb.eval.x86_64.facebookresearch_s_hydra-2290,1,single,2,0,1.0,12
facebookresearch/hydra,facebookresearch/hydra,swegym,facebookresearch__hydra-2085,2085,00a9536a2b390f396d042dced697d499f5476cde,2022-03-11 22:15:39+00:00,xingyaoww/sweb.eval.x86_64.facebookresearch_s_hydra-2085,5,multi,112,0,7.0,13
facebookresearch/hydra,facebookresearch/hydra,swegym,facebookresearch__hydra-1915,1915,d674cd2803e561ca25cbd7ced127d69d9f4f633b,2021-12-03 23:27:31+00:00,xingyaoww/sweb.eval.x86_64.facebookresearch_s_hydra-1915,1,single,4,0,1.0,14
facebookresearch/hydra,facebookresearch/hydra,swegym,facebookresearch__hydra-1488,1488,d217c86b9061bb502d00fa971b3ea15a70e3299b,2021-03-23 23:08:38+00:00,xingyaoww/sweb.eval.x86_64.facebookresearch_s_hydra-1488,1,single,7,0,1.0,15
facebookresearch/hydra,facebookresearch/hydra,swegym,facebookresearch__hydra-734,734,8c51854a7d87c25aa1f5e0dccb9bf621639a8dcd,2020-06-30 18:41:19+00:00,xingyaoww/sweb.eval.x86_64.facebookresearch_s_hydra-734,4,multi,91,0,7.0,16
facebookresearch/hydra,facebookresearch/hydra,swegym,facebookresearch__hydra-625,625,9544b25a1b40710310a3732a52e373b5ee11c242,2020-05-29 18:30:52+00:00,xingyaoww/sweb.eval.x86_64.facebookresearch_s_hydra-625,2,multi,20,0,2.0,17
facebookresearch/hydra,facebookresearch/hydra,swegym,facebookresearch__hydra-2062,2062,3043a42df4e01ed25bb2f5f1b551a02cef52e825,2022-02-27 06:51:37+00:00,xingyaoww/sweb.eval.x86_64.facebookresearch_s_hydra-2062,1,single,18,0,1.0,18
facebookresearch/hydra,facebookresearch/hydra,swegym,facebookresearch__hydra-1487,1487,56cb6d636201b9e832bdc90b72a45202172099df,2021-03-23 06:52:24+00:00,xingyaoww/sweb.eval.x86_64.facebookresearch_s_hydra-1487,2,multi,18,0,1.0,19
facebookresearch/hydra,facebookresearch/hydra,swegym,facebookresearch__hydra-1422,1422,1df6e295301df0eef3dec9b1f5080c6344eeebf3,2021-02-25 01:02:47+00:00,xingyaoww/sweb.eval.x86_64.facebookresearch_s_hydra-1422,1,single,18,0,2.0,20
getmoto/moto,getmoto/moto,swegym,getmoto__moto-6716,6716,a853fd714d133c9a9ca0479cb99537d9a39d85bf,2023-08-22 20:57:43+00:00,xingyaoww/sweb.eval.x86_64.getmoto_s_moto-6716,1,single,13,0,1.0,1
getmoto/moto,getmoto/moto,swegym,getmoto__moto-7524,7524,31b971f94e86dfb8d35105e1e2fe53a6918b63fb,2024-03-26 20:36:45+00:00,xingyaoww/sweb.eval.x86_64.getmoto_s_moto-7524,1,single,2,0,1.0,2
getmoto/moto,getmoto/moto,swegym,getmoto__moto-6755,6755,c59fee5d352e429309ddce7f8350ef70f2003593,2023-09-01 18:25:54+00:00,xingyaoww/sweb.eval.x86_64.getmoto_s_moto-6755,1,single,8,0,1.0,3
getmoto/moto,getmoto/moto,swegym,getmoto__moto-6121,6121,3adbb8136a3ae81f7d5cb403f4d0a3aa100ee16f,2023-03-23 23:03:13+00:00,xingyaoww/sweb.eval.x86_64.getmoto_s_moto-6121,1,single,1,0,3.0,4
getmoto/moto,getmoto/moto,swegym,getmoto__moto-5486,5486,b0e78140f5b5f74b0cb3da43e5becc48bbc29cff,2022-09-19 20:30:59+00:00,xingyaoww/sweb.eval.x86_64.getmoto_s_moto-5486,1,single,11,0,1.0,5
getmoto/moto,getmoto/moto,swegym,getmoto__moto-6724,6724,b6a582e6244f705c4e3234b25d86e09c2d1d0100,2023-08-24 21:25:58+00:00,xingyaoww/sweb.eval.x86_64.getmoto_s_moto-6724,2,multi,190,0,1.0,6
getmoto/moto,getmoto/moto,swegym,getmoto__moto-7580,7580,74a59a665a3ffcd6c5c3ff15a6e9759b29a86547,2024-04-08 20:11:46+00:00,xingyaoww/sweb.eval.x86_64.getmoto_s_moto-7580,1,single,8,0,1.0,7
getmoto/moto,getmoto/moto,swegym,getmoto__moto-6352,6352,c457c013056c82b40892aae816b324a3ef9aa1a4,2023-05-31 19:15:03+00:00,xingyaoww/sweb.eval.x86_64.getmoto_s_moto-6352,2,multi,5,0,2.0,8
getmoto/moto,getmoto/moto,swegym,getmoto__moto-7105,7105,85156f59396a85e83e83200c9df41b66d6f82b68,2023-12-09 23:39:02+00:00,xingyaoww/sweb.eval.x86_64.getmoto_s_moto-7105,1,single,3,0,11.0,9
getmoto/moto,getmoto/moto,swegym,getmoto__moto-5202,5202,4aa5e4388d4a9a7d4a95c265552e2d4b4c1ba376,2022-06-08 14:54:10+00:00,xingyaoww/sweb.eval.x86_64.getmoto_s_moto-5202,1,single,26,0,1.0,10
getmoto/moto,getmoto/moto,swegym,getmoto__moto-6919,6919,368fa07ec35aa6806c839a1f4883426159179127,2023-10-15 19:15:25+00:00,xingyaoww/sweb.eval.x86_64.getmoto_s_moto-6919,2,multi,82,0,1.0,11
getmoto/moto,getmoto/moto,swegym,getmoto__moto-6586,6586,6843eb4c86ee0abad140d02930af95050120a0ef,2023-08-01 16:59:37+00:00,xingyaoww/sweb.eval.x86_64.getmoto_s_moto-6586,1,single,119,0,1.0,12
getmoto/moto,getmoto/moto,swegym,getmoto__moto-6578,6578,38b7ffade2b2a72a70386e3cd2878f26414b52a8,2023-07-31 20:54:33+00:00,xingyaoww/sweb.eval.x86_64.getmoto_s_moto-6578,2,multi,22,0,1.0,13
getmoto/moto,getmoto/moto,swegym,getmoto__moto-6709,6709,78c518ddc832a30e1cf20015bc5c3b1850a1c797,2023-08-21 18:57:36+00:00,xingyaoww/sweb.eval.x86_64.getmoto_s_moto-6709,4,multi,84,0,14.0,14
getmoto/moto,getmoto/moto,swegym,getmoto__moto-6444,6444,bec9130d4c474674ef2beb3cc4acc756aa270793,2023-06-25 11:19:35+00:00,xingyaoww/sweb.eval.x86_64.getmoto_s_moto-6444,2,multi,100,0,4.0,15
getmoto/moto,getmoto/moto,swegym,getmoto__moto-5969,5969,3a7f10fece9df37a72adc4c642f26cf208256322,2023-02-23 20:42:17+00:00,xingyaoww/sweb.eval.x86_64.getmoto_s_moto-5969,1,single,2,0,1.0,16
getmoto/moto,getmoto/moto,swegym,getmoto__moto-5968,5968,4d6271d1bdec1c5eec5789d7c6cc8ef35566d0c2,2023-02-23 18:02:49+00:00,xingyaoww/sweb.eval.x86_64.getmoto_s_moto-5968,3,multi,78,0,1.0,17
getmoto/moto,getmoto/moto,swegym,getmoto__moto-5545,5545,1a8f93dce33f1c1c7983a8052ef54de30ff64407,2022-10-09 10:54:38+00:00,xingyaoww/sweb.eval.x86_64.getmoto_s_moto-5545,1,single,12,0,1.0,18
getmoto/moto,getmoto/moto,swegym,getmoto__moto-5752,5752,b2300f1eae1323e3e8bc45f97e530ce129dff12e,2022-12-10 20:23:01+00:00,xingyaoww/sweb.eval.x86_64.getmoto_s_moto-5752,1,single,26,0,1.0,19
getmoto/moto,getmoto/moto,swegym,getmoto__moto-6387,6387,7b4cd492ffa6768dfbd733b3ca5f55548d308d00,2023-06-10 03:11:20+00:00,xingyaoww/sweb.eval.x86_64.getmoto_s_moto-6387,1,single,2,0,1.0,20
modin-project/modin,modin-project/modin,swegym,modin-project__modin-6648,6648,112afb6fb455beec67c9ded6f42ffbf378bbbf79,2023-10-13 22:47:12+00:00,xingyaoww/sweb.eval.x86_64.modin-project_s_modin-6648,5,multi,43,0,1.0,1
modin-project/modin,modin-project/modin,swegym,modin-project__modin-6275,6275,c9f7f6506a5b7503bcd9ec9b9a08d6a008747a52,2023-06-16 13:43:16+00:00,xingyaoww/sweb.eval.x86_64.modin-project_s_modin-6275,4,multi,141,0,6.0,2
modin-project/modin,modin-project/modin,swegym,modin-project__modin-6798,6798,b8202f127d79b20076126edce85dd63a59e4a677,2023-12-04 05:14:59+00:00,xingyaoww/sweb.eval.x86_64.modin-project_s_modin-6798,1,single,6,0,1.0,3
modin-project/modin,modin-project/modin,swegym,modin-project__modin-6757,6757,0ba2a46218ecbc6f4b7d0d9e54c25e437e5e0b23,2023-11-20 14:05:03+00:00,xingyaoww/sweb.eval.x86_64.modin-project_s_modin-6757,2,multi,31,0,1.0,4
modin-project/modin,modin-project/modin,swegym,modin-project__modin-6823,6823,324099d8737ead092e4acacfe03b1caa82e01986,2023-12-13 11:54:16+00:00,xingyaoww/sweb.eval.x86_64.modin-project_s_modin-6823,2,multi,19,0,1.0,5
modin-project/modin,modin-project/modin,swegym,modin-project__modin-6260,6260,f617c5e6621f051d9c7befc297deec79563115db,2023-06-13 15:59:25+00:00,xingyaoww/sweb.eval.x86_64.modin-project_s_modin-6260,2,multi,3,0,4.0,6
modin-project/modin,modin-project/modin,swegym,modin-project__modin-6992,6992,a96639529a2e121f24b8c5462e1e76c243b85ede,2024-03-04 08:49:39+00:00,xingyaoww/sweb.eval.x86_64.modin-project_s_modin-6992,3,multi,46,0,4.0,7
modin-project/modin,modin-project/modin,swegym,modin-project__modin-7160,7160,d2390100802c808b7ca0f612359b365916d6fec1,2024-04-09 16:28:21+00:00,xingyaoww/sweb.eval.x86_64.modin-project_s_modin-7160,2,multi,31,0,1.0,8
modin-project/modin,modin-project/modin,swegym,modin-project__modin-6673,6673,41ecc925c9f7b11e385a16f6b664fa2b15b34edd,2023-10-22 23:03:45+00:00,xingyaoww/sweb.eval.x86_64.modin-project_s_modin-6673,8,multi,131,0,1.0,9
modin-project/modin,modin-project/modin,swegym,modin-project__modin-7208,7208,e9dbcc127913db77473a83936e8b6bb94ef84f0d,2024-04-19 22:03:59+00:00,xingyaoww/sweb.eval.x86_64.modin-project_s_modin-7208,1,single,2,0,1.0,10
modin-project/modin,modin-project/modin,swegym,modin-project__modin-6381,6381,60478925aae2ccdcb0bf1666b925a1b0db13a845,2023-07-12 13:14:53+00:00,xingyaoww/sweb.eval.x86_64.modin-project_s_modin-6381,1,single,20,0,2.0,11
modin-project/modin,modin-project/modin,swegym,modin-project__modin-5946,5946,9159d813926816c840e53d6e8ecf43e2765a9e9c,2023-04-05 19:16:03+00:00,xingyaoww/sweb.eval.x86_64.modin-project_s_modin-5946,3,multi,17,0,1.0,12
modin-project/modin,modin-project/modin,swegym,modin-project__modin-6370,6370,58f850d20bbb3aba5fc592bff4003ebfdc81b68a,2023-07-07 15:37:41+00:00,xingyaoww/sweb.eval.x86_64.modin-project_s_modin-6370,2,multi,22,0,1.0,13
modin-project/modin,modin-project/modin,swegym,modin-project__modin-6980,6980,f601f8a9d602c70333548df3ef5e3c953df04f37,2024-02-28 18:08:46+00:00,xingyaoww/sweb.eval.x86_64.modin-project_s_modin-6980,1,single,28,0,1.0,14
modin-project/modin,modin-project/modin,swegym,modin-project__modin-7189,7189,6d64e08fc8e124b7a6ba2aecd4062dfe7fef90f1,2024-04-16 15:47:06+00:00,xingyaoww/sweb.eval.x86_64.modin-project_s_modin-7189,1,single,43,0,2.0,15
modin-project/modin,modin-project/modin,swegym,modin-project__modin-7055,7055,4ab68c6c4b25f987c259754a5399da5df5b3608f,2024-03-12 11:19:21+00:00,xingyaoww/sweb.eval.x86_64.modin-project_s_modin-7055,1,single,4,0,1.0,16
modin-project/modin,modin-project/modin,swegym,modin-project__modin-6969,6969,e36749008fdf277d08f01c5dc675edb1b8d62512,2024-02-26 15:21:54+00:00,xingyaoww/sweb.eval.x86_64.modin-project_s_modin-6969,2,multi,18,0,4.0,17
modin-project/modin,modin-project/modin,swegym,modin-project__modin-6785,6785,76d741bec279305b041ba5689947438884893dad,2023-11-30 01:49:02+00:00,xingyaoww/sweb.eval.x86_64.modin-project_s_modin-6785,1,single,18,0,3.0,18
modin-project/modin,modin-project/modin,swegym,modin-project__modin-6941,6941,6dfe13fb5468c3fbac85e11fcbc9a64b30d14ac7,2024-02-16 15:45:50+00:00,xingyaoww/sweb.eval.x86_64.modin-project_s_modin-6941,2,multi,41,0,1.0,19
modin-project/modin,modin-project/modin,swegym,modin-project__modin-6737,6737,8a332c1597c54d36f7ccbbd544e186b689f9ceb1,2023-11-13 12:07:50+00:00,xingyaoww/sweb.eval.x86_64.modin-project_s_modin-6737,2,multi,141,0,59.0,20
Project-MONAI/MONAI,project-monai/monai,swegym,Project-MONAI__MONAI-5506,5506,614c2ca8a75a26fd1454810446ec05682d119766,2022-11-10 10:02:40+00:00,xingyaoww/sweb.eval.x86_64.project-monai_s_monai-5506,4,multi,42,0,12.0,1
Project-MONAI/MONAI,project-monai/monai,swegym,Project-MONAI__MONAI-4297,4297,fdec959cc2fbe9f09ed8d95a26bf24a206de8113,2022-05-19 14:15:38+00:00,xingyaoww/sweb.eval.x86_64.project-monai_s_monai-4297,1,single,4,0,2.0,2
Project-MONAI/MONAI,project-monai/monai,swegym,Project-MONAI__MONAI-1765,1765,55885283d5055f673fdca5f83156044649e5560c,2021-03-15 09:48:18+00:00,xingyaoww/sweb.eval.x86_64.project-monai_s_monai-1765,2,multi,123,0,12.0,3
Project-MONAI/MONAI,project-monai/monai,swegym,Project-MONAI__MONAI-5503,5503,d51edc3ddf8450f3c7b612971188313863f9aa25,2022-11-09 16:51:26+00:00,xingyaoww/sweb.eval.x86_64.project-monai_s_monai-5503,2,multi,20,0,26.0,4
Project-MONAI/MONAI,project-monai/monai,swegym,Project-MONAI__MONAI-3107,3107,712d90ba845e3d486f91636da0a4d7eeabfb7e52,2021-10-11 15:46:28+00:00,xingyaoww/sweb.eval.x86_64.project-monai_s_monai-3107,1,single,8,0,1.0,5
Project-MONAI/MONAI,project-monai/monai,swegym,Project-MONAI__MONAI-543,543,d42f15dd02e88fe0077163db5bb5efeb407c8f35,2020-06-12 05:49:24+00:00,xingyaoww/sweb.eval.x86_64.project-monai_s_monai-543,3,multi,56,0,2.0,6
Project-MONAI/MONAI,project-monai/monai,swegym,Project-MONAI__MONAI-3001,3001,790fc8f572322c6a4c1ab527acfb27447be4bb66,2021-09-22 11:53:50+00:00,xingyaoww/sweb.eval.x86_64.project-monai_s_monai-3001,1,single,16,0,1.0,7
Project-MONAI/MONAI,project-monai/monai,swegym,Project-MONAI__MONAI-6139,6139,3b6b11a815b2de9e2b1bc1f1dbbca4e66189458f,2023-03-13 19:03:43+00:00,xingyaoww/sweb.eval.x86_64.project-monai_s_monai-6139,1,single,16,0,2.0,8
Project-MONAI/MONAI,project-monai/monai,swegym,Project-MONAI__MONAI-5807,5807,315d2d2fc29a83fc863bfcb6088e8d06f6cae027,2023-01-04 21:07:43+00:00,xingyaoww/sweb.eval.x86_64.project-monai_s_monai-5807,3,multi,62,0,8.0,9
Project-MONAI/MONAI,project-monai/monai,swegym,Project-MONAI__MONAI-4689,4689,1b73fef49b5df53db984d95ae535cdcc1faf6236,2022-07-13 11:49:56+00:00,xingyaoww/sweb.eval.x86_64.project-monai_s_monai-4689,4,multi,146,0,22.0,10
Project-MONAI/MONAI,project-monai/monai,swegym,Project-MONAI__MONAI-3157,3157,e641722c735961554f8e9d3048836a7e2d5eb184,2021-10-20 17:01:50+00:00,xingyaoww/sweb.eval.x86_64.project-monai_s_monai-3157,4,multi,110,0,1.0,11
Project-MONAI/MONAI,project-monai/monai,swegym,Project-MONAI__MONAI-3619,3619,3907cb4b6ba79887a649ffc17f45ed9bebcd0431,2022-01-09 13:53:06+00:00,xingyaoww/sweb.eval.x86_64.project-monai_s_monai-3619,1,single,12,0,2.0,12
Project-MONAI/MONAI,project-monai/monai,swegym,Project-MONAI__MONAI-5473,5473,27362e482761985daac8d5ef732eb57b50c741f1,2022-11-04 17:40:27+00:00,xingyaoww/sweb.eval.x86_64.project-monai_s_monai-5473,2,multi,47,0,1.0,13
Project-MONAI/MONAI,project-monai/monai,swegym,Project-MONAI__MONAI-7000,7000,5a644e4edcc37e5c963e52fda6fab4c85b3ff02e,2023-09-18 11:20:39+00:00,xingyaoww/sweb.eval.x86_64.project-monai_s_monai-7000,2,multi,13,0,10.0,14
Project-MONAI/MONAI,project-monai/monai,swegym,Project-MONAI__MONAI-6910,6910,a4e4894dca25f5e87b9306abfc472805f92b69da,2023-08-29 09:31:05+00:00,xingyaoww/sweb.eval.x86_64.project-monai_s_monai-6910,1,single,23,0,1.0,15
Project-MONAI/MONAI,project-monai/monai,swegym,Project-MONAI__MONAI-7163,7163,cc20c9bee91379e10762a15dd0f48c3e78271eb3,2023-10-25 09:38:27+00:00,xingyaoww/sweb.eval.x86_64.project-monai_s_monai-7163,3,multi,29,0,3.0,16
Project-MONAI/MONAI,project-monai/monai,swegym,Project-MONAI__MONAI-648,648,cd1e7f3fb4a77a9958d71de7b326323c2f33336b,2020-06-29 14:50:03+00:00,xingyaoww/sweb.eval.x86_64.project-monai_s_monai-648,2,multi,21,0,2.0,17
Project-MONAI/MONAI,project-monai/monai,swegym,Project-MONAI__MONAI-6781,6781,c62fac1eeb9cbf59ba3e499c3f612a348b2571da,2023-07-26 12:22:22+00:00,xingyaoww/sweb.eval.x86_64.project-monai_s_monai-6781,1,single,96,0,1.0,18
Project-MONAI/MONAI,project-monai/monai,swegym,Project-MONAI__MONAI-5067,5067,f9e8e10fab3a0c0b87708222db96571236c9e764,2022-09-01 21:25:09+00:00,xingyaoww/sweb.eval.x86_64.project-monai_s_monai-5067,1,single,11,0,7.0,19
Project-MONAI/MONAI,project-monai/monai,swegym,Project-MONAI__MONAI-2530,2530,17dde67bbf95991b6c7465724e41653d22972449,2021-07-06 09:46:44+00:00,xingyaoww/sweb.eval.x86_64.project-monai_s_monai-2530,2,multi,109,0,5.0,20
pydantic/pydantic,pydantic/pydantic,swegym,pydantic__pydantic-6126,6126,2ea62bd43924e2d91773ffe15791ceac22d376e0,2023-06-13 22:54:27+00:00,xingyaoww/sweb.eval.x86_64.pydantic_s_pydantic-6126,1,single,17,0,2.0,1
pydantic/pydantic,pydantic/pydantic,swegym,pydantic__pydantic-8947,8947,5c8afe65a69d9fb127c32fbf288156d7c13da346,2024-03-05 07:57:48+00:00,xingyaoww/sweb.eval.x86_64.pydantic_s_pydantic-8947,1,single,16,0,3.0,2
pydantic/pydantic,pydantic/pydantic,swegym,pydantic__pydantic-5386,5386,6cbd8d69609bcc5b4b383830736790f9b8087e36,2023-04-05 17:04:18+00:00,xingyaoww/sweb.eval.x86_64.pydantic_s_pydantic-5386,1,single,20,0,1.0,3
pydantic/pydantic,pydantic/pydantic,swegym,pydantic__pydantic-5322,5322,1116c49b09df8156f5c0bd9ccd62f54a809e195f,2023-03-31 10:04:17+00:00,xingyaoww/sweb.eval.x86_64.pydantic_s_pydantic-5322,4,multi,58,0,4.0,4
pydantic/pydantic,pydantic/pydantic,swegym,pydantic__pydantic-8583,8583,e131d53a07da080c2ba642775efa9e81cb2cf0ba,2024-01-19 01:45:25+00:00,xingyaoww/sweb.eval.x86_64.pydantic_s_pydantic-8583,1,single,2,0,1.0,5
pydantic/pydantic,pydantic/pydantic,swegym,pydantic__pydantic-8920,8920,0eb31fce2c21fd8f93040caf3bbfce51e37421d5,2024-02-29 19:14:18+00:00,xingyaoww/sweb.eval.x86_64.pydantic_s_pydantic-8920,1,single,20,0,1.0,6
pydantic/pydantic,pydantic/pydantic,swegym,pydantic__pydantic-5021,5021,ef3cc495a9c86553b62a95a6052fd9b6ebc045e9,2023-02-06 23:55:28+00:00,xingyaoww/sweb.eval.x86_64.pydantic_s_pydantic-5021,1,single,14,0,4.0,7
pydantic/pydantic,pydantic/pydantic,swegym,pydantic__pydantic-8511,8511,e4fa099d5adde70acc80238ff810c87a5cec7ebf,2024-01-07 23:45:41+00:00,xingyaoww/sweb.eval.x86_64.pydantic_s_pydantic-8511,1,single,46,0,1.0,8
pydantic/pydantic,pydantic/pydantic,swegym,pydantic__pydantic-9082,9082,e58134b876a340863ea417f6c7967c9ed14ec03b,2024-03-22 16:33:01+00:00,xingyaoww/sweb.eval.x86_64.pydantic_s_pydantic-9082,1,single,2,0,1.0,9
pydantic/pydantic,pydantic/pydantic,swegym,pydantic__pydantic-8977,8977,e58134b876a340863ea417f6c7967c9ed14ec03b,2024-03-08 21:28:26+00:00,xingyaoww/sweb.eval.x86_64.pydantic_s_pydantic-8977,1,single,7,0,4.0,10
pydantic/pydantic,pydantic/pydantic,swegym,pydantic__pydantic-6293,6293,78f0ce65295bba764784da15eca83173f9ccf9b6,2023-06-28 21:23:04+00:00,xingyaoww/sweb.eval.x86_64.pydantic_s_pydantic-6293,1,single,21,0,3.0,11
pydantic/pydantic,pydantic/pydantic,swegym,pydantic__pydantic-8734,8734,3fda9d65ee69dd1ba97d1fdf08caa9dcc5e58e2b,2024-02-06 04:30:54+00:00,xingyaoww/sweb.eval.x86_64.pydantic_s_pydantic-8734,1,single,24,0,3.0,12
pydantic/pydantic,pydantic/pydantic,swegym,pydantic__pydantic-5196,5196,84d0acf6882958993a6e0d984969030e31f16dc0,2023-03-15 18:18:19+00:00,xingyaoww/sweb.eval.x86_64.pydantic_s_pydantic-5196,2,multi,22,0,7.0,13
pydantic/pydantic,pydantic/pydantic,swegym,pydantic__pydantic-9287,9287,77b0e1ccd775c101be28b5dfa56bc36f1eed7eca,2024-04-19 15:54:50+00:00,xingyaoww/sweb.eval.x86_64.pydantic_s_pydantic-9287,1,single,4,0,1.0,14
pydantic/pydantic,pydantic/pydantic,swegym,pydantic__pydantic-6100,6100,13aefcf109adeba4d3d1e023d42f0e3d8e053f77,2023-06-12 16:29:27+00:00,xingyaoww/sweb.eval.x86_64.pydantic_s_pydantic-6100,2,multi,10,0,1.0,15
pydantic/pydantic,pydantic/pydantic,swegym,pydantic__pydantic-9214,9214,7af856a1098406aea84bcadfd0f3de6b7901526c,2024-04-11 16:34:39+00:00,xingyaoww/sweb.eval.x86_64.pydantic_s_pydantic-9214,1,single,3,0,1.0,16
pydantic/pydantic,pydantic/pydantic,swegym,pydantic__pydantic-8965,8965,e9346383abc00306caabc61fba0c45c3ad5b9833,2024-03-06 14:31:39+00:00,xingyaoww/sweb.eval.x86_64.pydantic_s_pydantic-8965,2,multi,7,0,2.0,17
pydantic/pydantic,pydantic/pydantic,swegym,pydantic__pydantic-8159,8159,575dcd98d7cdc49d1427df8101f473ae6ced148e,2023-11-17 10:58:05+00:00,xingyaoww/sweb.eval.x86_64.pydantic_s_pydantic-8159,2,multi,12,0,3.0,18
pydantic/pydantic,pydantic/pydantic,swegym,pydantic__pydantic-5591,5591,f50ae9f282c29e460563829d40d9eeffcf87e479,2023-04-25 22:58:54+00:00,xingyaoww/sweb.eval.x86_64.pydantic_s_pydantic-5591,1,single,26,0,1.0,19
pydantic/pydantic,pydantic/pydantic,swegym,pydantic__pydantic-6274,6274,9cfad5c3cee6a31d2bcb410feffff2afc4d0c489,2023-06-27 18:15:20+00:00,xingyaoww/sweb.eval.x86_64.pydantic_s_pydantic-6274,1,single,3,0,2.0,20
qutebrowser/qutebrowser,qutebrowser/qutebrowser,swebench_pro,instance_qutebrowser__qutebrowser-8f46ba3f6dc7b18375f7aa63c48a1fe461190430-v2ef375ac784985212b1805e1d0431dc8f1b3c171,,1547a48e6f1a8af8dc618d5afe858084ebfd317f,,jefzda/sweap-images:qutebrowser.qutebrowser-qutebrowser__qutebrowser-8f46ba3f6dc7b18375f7aa63c48a1fe461190430-v2ef375ac784985212b1805e1d0431dc8f1b3c,1,single,25,0,7.0,1
qutebrowser/qutebrowser,qutebrowser/qutebrowser,swebench_pro,instance_qutebrowser__qutebrowser-34a13afd36b5e529d553892b1cd8b9d5ce8881c4-vafb3e8e01b31319c66c4e666b8a3b1d8ba55db24,,f8692cb141776c3567e35f9032e9892bf0a7cfc9,,jefzda/sweap-images:qutebrowser.qutebrowser-qutebrowser__qutebrowser-34a13afd36b5e529d553892b1cd8b9d5ce8881c4-vafb3e8e01b31319c66c4e666b8a3b1d8ba55d,1,single,50,0,1.0,2
qutebrowser/qutebrowser,qutebrowser/qutebrowser,swebench_pro,instance_qutebrowser__qutebrowser-35168ade46184d7e5b91dfa04ca42fe2abd82717-v363c8a7e5ccdf6968fc7ab84a2053ac78036691d,,04c65bb2b72542b239de2491c9242d8f641636db,,jefzda/sweap-images:qutebrowser.qutebrowser-qutebrowser__qutebrowser-35168ade46184d7e5b91dfa04ca42fe2abd82717-v363c8a7e5ccdf6968fc7ab84a2053ac780366,2,multi,76,0,7.0,3
qutebrowser/qutebrowser,qutebrowser/qutebrowser,swebench_pro,instance_qutebrowser__qutebrowser-deeb15d6f009b3ca0c3bd503a7cef07462bd16b4-v363c8a7e5ccdf6968fc7ab84a2053ac78036691d,,3ae5cc96aecb12008345f45bd7d06dbc52e48fa7,,jefzda/sweap-images:qutebrowser.qutebrowser-qutebrowser__qutebrowser-deeb15d6f009b3ca0c3bd503a7cef07462bd16b4-v363c8a7e5ccdf6968fc7ab84a2053ac780366,1,single,53,0,10.0,4
qutebrowser/qutebrowser,qutebrowser/qutebrowser,swebench_pro,instance_qutebrowser__qutebrowser-8d05f0282a271bfd45e614238bd1b555c58b3fc1-v35616345bb8052ea303186706cec663146f0f184,,190bab127d9e8421940f5f3fdc738d1c7ec02193,,jefzda/sweap-images:qutebrowser.qutebrowser-qutebrowser__qutebrowser-8d05f0282a271bfd45e614238bd1b555c58b3fc1-v35616345bb8052ea303186706cec663146f0f,1,single,31,0,2.0,5
qutebrowser/qutebrowser,qutebrowser/qutebrowser,swebench_pro,instance_qutebrowser__qutebrowser-fd6790fe8c02b144ab2464f1fc8ab3d02ce3c476-v2ef375ac784985212b1805e1d0431dc8f1b3c171,,487f90443cd1bf66bf2368b7a5c004f4e1b27777,,jefzda/sweap-images:qutebrowser.qutebrowser-qutebrowser__qutebrowser-fd6790fe8c02b144ab2464f1fc8ab3d02ce3c476-v2ef375ac784985212b1805e1d0431dc8f1b3c,2,multi,46,0,6.0,6
qutebrowser/qutebrowser,qutebrowser/qutebrowser,swebench_pro,instance_qutebrowser__qutebrowser-e15d26630934d0b6415ed2295ac42fd570a57620-va0fd88aac89cde702ec1ba84877234da33adce8a,,e158a480f52185c77ee07a52bc022f021d9789fe,,jefzda/sweap-images:qutebrowser.qutebrowser-qutebrowser__qutebrowser-e15d26630934d0b6415ed2295ac42fd570a57620-va0fd88aac89cde702ec1ba84877234da33adc,2,multi,27,0,4.0,7
qutebrowser/qutebrowser,qutebrowser/qutebrowser,swebench_pro,instance_qutebrowser__qutebrowser-f7753550f2c1dcb2348e4779fd5287166754827e-v059c6fdc75567943479b23ebca7c07b5e9a7f34c,,a7e6a3a178a8e06909d26990295a014802371f50,,jefzda/sweap-images:qutebrowser.qutebrowser-qutebrowser__qutebrowser-f7753550f2c1dcb2348e4779fd5287166754827e-v059c6fdc75567943479b23ebca7c07b5e9a7f,3,multi,52,0,26.0,8
qutebrowser/qutebrowser,qutebrowser/qutebrowser,swebench_pro,instance_qutebrowser__qutebrowser-16de05407111ddd82fa12e54389d532362489da9-v363c8a7e5ccdf6968fc7ab84a2053ac78036691d,,744cd94469de77f52905bebb123597c040ac07b6,,jefzda/sweap-images:qutebrowser.qutebrowser-qutebrowser__qutebrowser-16de05407111ddd82fa12e54389d532362489da9-v363c8a7e5ccdf6968fc7ab84a2053ac780366,1,single,69,0,364.0,9
qutebrowser/qutebrowser,qutebrowser/qutebrowser,swebench_pro,instance_qutebrowser__qutebrowser-996487c43e4fcc265b541f9eca1e7930e3c5cf05-v2ef375ac784985212b1805e1d0431dc8f1b3c171,,03fa9383833c6262b08a5f7c4930143e39327173,,jefzda/sweap-images:qutebrowser.qutebrowser-qutebrowser__qutebrowser-996487c43e4fcc265b541f9eca1e7930e3c5cf05-v2ef375ac784985212b1805e1d0431dc8f1b3c,1,single,41,0,1.0,10
qutebrowser/qutebrowser,qutebrowser/qutebrowser,swebench_pro,instance_qutebrowser__qutebrowser-322834d0e6bf17e5661145c9f085b41215c280e8-v488d33dd1b2540b234cbb0468af6b6614941ce8f,,7691556ea171c241eabb76e65c64c90dfc354327,,jefzda/sweap-images:qutebrowser.qutebrowser-qutebrowser__qutebrowser-322834d0e6bf17e5661145c9f085b41215c280e8-v488d33dd1b2540b234cbb0468af6b6614941c,3,multi,87,0,24.0,11
qutebrowser/qutebrowser,qutebrowser/qutebrowser,swebench_pro,instance_qutebrowser__qutebrowser-bf045f7ec7c27709ea3ef61cf41a24e8fdd2e7da-v059c6fdc75567943479b23ebca7c07b5e9a7f34c,,e15bda307e42c288b926f578e7bf8c610e4767af,,jefzda/sweap-images:qutebrowser.qutebrowser-qutebrowser__qutebrowser-bf045f7ec7c27709ea3ef61cf41a24e8fdd2e7da-v059c6fdc75567943479b23ebca7c07b5e9a7f,1,single,74,0,12.0,12
qutebrowser/qutebrowser,qutebrowser/qutebrowser,swebench_pro,instance_qutebrowser__qutebrowser-9b71c1ea67a9e7eb70dd83214d881c2031db6541-v363c8a7e5ccdf6968fc7ab84a2053ac78036691d,,b84ef9b299ec1639ddf79ab900b670a96d71d9f2,,jefzda/sweap-images:qutebrowser.qutebrowser-qutebrowser__qutebrowser-9b71c1ea67a9e7eb70dd83214d881c2031db6541-v363c8a7e5ccdf6968fc7ab84a2053ac780366,1,single,69,0,364.0,13
qutebrowser/qutebrowser,qutebrowser/qutebrowser,swebench_pro,instance_qutebrowser__qutebrowser-e57b6e0eeeb656eb2c84d6547d5a0a7333ecee85-v2ef375ac784985212b1805e1d0431dc8f1b3c171,,5a7f64ea219f3f008a4b61546ae18820e6780d8e,,jefzda/sweap-images:qutebrowser.qutebrowser-qutebrowser__qutebrowser-e57b6e0eeeb656eb2c84d6547d5a0a7333ecee85-v2ef375ac784985212b1805e1d0431dc8f1b3c,3,multi,42,0,1.0,14
qutebrowser/qutebrowser,qutebrowser/qutebrowser,swebench_pro,instance_qutebrowser__qutebrowser-ed19d7f58b2664bb310c7cb6b52c5b9a06ea60b2-v059c6fdc75567943479b23ebca7c07b5e9a7f34c,,836221ecaf2bad121c741b0c41dff508049e8ca5,,jefzda/sweap-images:qutebrowser.qutebrowser-qutebrowser__qutebrowser-ed19d7f58b2664bb310c7cb6b52c5b9a06ea60b2-v059c6fdc75567943479b23ebca7c07b5e9a7f,3,multi,29,0,5.0,15
qutebrowser/qutebrowser,qutebrowser/qutebrowser,swebench_pro,instance_qutebrowser__qutebrowser-ec2dcfce9eee9f808efc17a1b99e227fc4421dea-v5149fcda2a9a6fe1d35dfed1bade1444a11ef271,,b9920503db6482f0d3af7e95b3cf3c71fbbd7d4f,,jefzda/sweap-images:qutebrowser.qutebrowser-qutebrowser__qutebrowser-ec2dcfce9eee9f808efc17a1b99e227fc4421dea-v5149fcda2a9a6fe1d35dfed1bade1444a11ef,1,single,43,0,7.0,16
qutebrowser/qutebrowser,qutebrowser/qutebrowser,swebench_pro,instance_qutebrowser__qutebrowser-473a15f7908f2bb6d670b0e908ab34a28d8cf7e2-v363c8a7e5ccdf6968fc7ab84a2053ac78036691d,,8e08f046aeffb38445cc659050f7a083b4a9649c,,jefzda/sweap-images:qutebrowser.qutebrowser-qutebrowser__qutebrowser-473a15f7908f2bb6d670b0e908ab34a28d8cf7e2-v363c8a7e5ccdf6968fc7ab84a2053ac780366,1,single,69,0,364.0,17
qutebrowser/qutebrowser,qutebrowser/qutebrowser,swebench_pro,instance_qutebrowser__qutebrowser-fec187c2cb53d769c2682b35ca77858a811414a8-v363c8a7e5ccdf6968fc7ab84a2053ac78036691d,,a55f4db26b4b1caa304dd4b842a4103445fdccc7,,jefzda/sweap-images:qutebrowser.qutebrowser-qutebrowser__qutebrowser-fec187c2cb53d769c2682b35ca77858a811414a8-v363c8a7e5ccdf6968fc7ab84a2053ac780366,1,single,40,0,1.0,18
qutebrowser/qutebrowser,qutebrowser/qutebrowser,swebench_pro,instance_qutebrowser__qutebrowser-5fdc83e5da6222fe61163395baaad7ae57fa2cb4-v363c8a7e5ccdf6968fc7ab84a2053ac78036691d,,cb59619327e7fa941087d62b83459750c1b7c579,,jefzda/sweap-images:qutebrowser.qutebrowser-qutebrowser__qutebrowser-5fdc83e5da6222fe61163395baaad7ae57fa2cb4-v363c8a7e5ccdf6968fc7ab84a2053ac780366,3,multi,72,0,11.0,19
qutebrowser/qutebrowser,qutebrowser/qutebrowser,swebench_pro,instance_qutebrowser__qutebrowser-85b867fe8d4378c8e371f055c70452f546055854-v2ef375ac784985212b1805e1d0431dc8f1b3c171,,c97257cac01d9f7d67fb42d0344cb4332c7a0833,,jefzda/sweap-images:qutebrowser.qutebrowser-qutebrowser__qutebrowser-85b867fe8d4378c8e371f055c70452f546055854-v2ef375ac784985212b1805e1d0431dc8f1b3c,2,multi,93,0,5.0,20
