instance_id,repo_key,status,n_co_edited,n_new_files,n_symbol_files,names_tried,names_resolved_in_repo,jedi_errors,truncated,seconds
Project-MONAI__MONAI-1765,project-monai/monai,ok,2,0,6,302,101,0,False,0.9
Project-MONAI__MONAI-2530,project-monai/monai,ok,2,0,6,128,81,0,False,0.8
Project-MONAI__MONAI-3001,project-monai/monai,ok,1,0,1,75,17,0,False,0.6
Project-MONAI__MONAI-3107,project-monai/monai,ok,1,0,1,14,10,0,False,1.2
Project-MONAI__MONAI-3157,project-monai/monai,ok,4,0,11,298,222,0,False,2.8
Project-MONAI__MONAI-3619,project-monai/monai,ok,1,0,1,27,18,0,False,0.5
Project-MONAI__MONAI-4297,project-monai/monai,ok,1,0,1,13,9,0,False,0.3
Project-MONAI__MONAI-4689,project-monai/monai,ok,4,0,11,578,128,0,False,1.3
Project-MONAI__MONAI-5067,project-monai/monai,ok,1,0,2,45,14,0,False,1.2
Project-MONAI__MONAI-543,project-monai/monai,ok,3,0,3,139,50,0,False,0.7
Project-MONAI__MONAI-5473,project-monai/monai,ok,2,0,3,117,97,0,False,0.8
Project-MONAI__MONAI-5503,project-monai/monai,ok,2,0,2,59,17,0,False,0.5
Project-MONAI__MONAI-5506,project-monai/monai,ok,4,0,7,153,74,0,False,7.3
Project-MONAI__MONAI-5807,project-monai/monai,ok,3,0,3,191,93,0,False,1.4
Project-MONAI__MONAI-6139,project-monai/monai,ok,1,0,4,44,27,0,False,0.5
Project-MONAI__MONAI-648,project-monai/monai,ok,2,0,7,58,35,0,False,1.1
Project-MONAI__MONAI-6781,project-monai/monai,ok,1,0,3,105,76,0,False,3.4
Project-MONAI__MONAI-6910,project-monai/monai,ok,1,0,1,70,43,0,False,1.2
Project-MONAI__MONAI-7000,project-monai/monai,ok,2,0,11,47,54,0,False,1.1
Project-MONAI__MONAI-7163,project-monai/monai,ok,3,0,3,139,45,0,False,0.4
facebookresearch__hydra-1372,facebookresearch/hydra,ok,2,0,2,17,15,0,False,0.3
facebookresearch__hydra-1404,facebookresearch/hydra,ok,1,0,5,23,24,0,False,1.3
facebookresearch__hydra-1422,facebookresearch/hydra,ok,1,0,2,18,7,0,False,1.3
facebookresearch__hydra-1450,facebookresearch/hydra,ok,5,0,8,160,124,0,False,1.0
facebookresearch__hydra-1456,facebookresearch/hydra,ok,2,0,6,63,59,0,False,0.7
facebookresearch__hydra-1458,facebookresearch/hydra,ok,1,0,4,60,24,0,False,0.9
facebookresearch__hydra-1487,facebookresearch/hydra,ok,2,0,2,29,13,0,False,0.3
facebookresearch__hydra-1488,facebookresearch/hydra,ok,1,0,1,22,9,0,False,0.8
facebookresearch__hydra-1671,facebookresearch/hydra,ok,1,0,0,0,0,0,False,0.3
facebookresearch__hydra-1731,facebookresearch/hydra,ok,1,0,2,16,12,0,False,0.4
facebookresearch__hydra-1733,facebookresearch/hydra,ok,1,0,1,4,3,0,False,2.5
facebookresearch__hydra-1915,facebookresearch/hydra,ok,1,0,1,2,1,0,False,0.2
facebookresearch__hydra-2062,facebookresearch/hydra,ok,1,0,1,15,9,0,False,0.8
facebookresearch__hydra-2085,facebookresearch/hydra,ok,5,0,7,150,114,0,False,1.0
facebookresearch__hydra-2290,facebookresearch/hydra,ok,1,0,1,2,2,0,False,0.4
facebookresearch__hydra-625,facebookresearch/hydra,ok,2,0,1,19,12,0,False,0.3
facebookresearch__hydra-734,facebookresearch/hydra,ok,4,0,7,113,69,0,False,1.0
facebookresearch__hydra-801,facebookresearch/hydra,ok,3,0,4,95,66,0,False,0.8
facebookresearch__hydra-892,facebookresearch/hydra,ok,1,0,3,25,23,0,False,0.4
facebookresearch__hydra-952,facebookresearch/hydra,ok,1,0,3,47,19,0,False,0.7
getmoto__moto-5202,getmoto/moto,ok,1,0,7,22,25,0,False,1.8
getmoto__moto-5486,getmoto/moto,ok,1,0,4,16,14,0,False,3.8
getmoto__moto-5545,getmoto/moto,ok,1,0,2,28,15,0,False,0.6
getmoto__moto-5752,getmoto/moto,ok,1,0,1,40,70,0,False,1.0
getmoto__moto-5968,getmoto/moto,ok,3,0,3,142,111,0,False,1.4
getmoto__moto-5969,getmoto/moto,ok,1,0,1,3,3,0,False,0.5
getmoto__moto-6121,getmoto/moto,ok,1,0,1,2,2,0,False,1.8
getmoto__moto-6352,getmoto/moto,ok,2,0,3,12,11,0,False,1.0
getmoto__moto-6387,getmoto/moto,ok,1,0,2,7,4,0,False,0.7
getmoto__moto-6444,getmoto/moto,ok,2,0,3,114,93,0,False,1.2
getmoto__moto-6578,getmoto/moto,ok,2,0,2,45,39,0,False,0.3
getmoto__moto-6586,getmoto/moto,ok,1,0,4,104,106,0,False,1.9
getmoto__moto-6709,getmoto/moto,ok,4,0,5,101,67,0,False,0.9
getmoto__moto-6716,getmoto/moto,ok,1,0,1,25,14,0,False,3.6
getmoto__moto-6724,getmoto/moto,ok,2,0,5,236,205,0,False,1.4
getmoto__moto-6755,getmoto/moto,ok,1,0,1,12,8,0,False,0.7
getmoto__moto-6919,getmoto/moto,ok,2,0,5,160,70,0,False,0.9
getmoto__moto-7105,getmoto/moto,ok,1,0,1,4,2,0,False,2.0
getmoto__moto-7524,getmoto/moto,ok,1,0,0,0,0,0,False,0.7
getmoto__moto-7580,getmoto/moto,ok,1,0,1,7,7,0,False,1.4
instance_ansible__ansible-0ea40e09d1b35bcb69ff4d9cecf3d0defa4b36e8-v30a923fb5c164d6cd18280c02422f75e611e8fb2,ansible/ansible,ok,2,0,2,49,35,0,False,0.8
instance_ansible__ansible-0fd88717c953b92ed8a50495d55e630eb5d59166-vba6da65a0f3baefda7a058ebbd0a8dcafb8512f5,ansible/ansible,ok,2,0,2,130,120,0,False,2.7
instance_ansible__ansible-1a4644ff15355fd696ac5b9d074a566a80fe7ca3-v30a923fb5c164d6cd18280c02422f75e611e8fb2,ansible/ansible,ok,1,0,1,89,38,0,False,1.5
instance_ansible__ansible-29aea9ff3466e4cd2ed00524b9e56738d568ce8b-vba6da65a0f3baefda7a058ebbd0a8dcafb8512f5,ansible/ansible,ok,2,0,1,136,37,0,False,2.7
instance_ansible__ansible-3b823d908e8a5d17674f8c26d337d3114b7493b1-v0f01c69f1e2528b935359cfe578530722bca2c59,ansible/ansible,ok,6,0,6,117,46,0,False,2.0
instance_ansible__ansible-3db08adbb1cc6aa9941be5e0fc810132c6e1fa4b-vba6da65a0f3baefda7a058ebbd0a8dcafb8512f5,ansible/ansible,ok,1,0,1,39,28,0,False,1.0
instance_ansible__ansible-415e08c2970757472314e515cb63a51ad825c45e-v7eee2454f617569fd6889f2211f75bc02a35f9f8,ansible/ansible,ok,1,1,1,126,11,0,False,1.8
instance_ansible__ansible-489156378c8e97374a75a544c7c9c2c0dd8146d1-v390e508d27db7a51eece36bb6d9698b63a5b638a,ansible/ansible,ok,2,0,1,181,89,0,False,6.1
instance_ansible__ansible-5640093f1ca63fd6af231cc8a7fb7d40e1907b8c-vba6da65a0f3baefda7a058ebbd0a8dcafb8512f5,ansible/ansible,ok,4,0,4,84,66,0,False,1.1
instance_ansible__ansible-5e88cd9972f10b66dd97e1ee684c910c6a2dd25e-v906c969b551b346ef54a2c0b41e04f632b7b73c2,ansible/ansible,ok,0,1,0,336,0,0,False,3.8
instance_ansible__ansible-6cc97447aac5816745278f3735af128afb255c81-v0f01c69f1e2528b935359cfe578530722bca2c59,ansible/ansible,ok,7,0,7,166,92,0,False,2.2
instance_ansible__ansible-77658704217d5f166404fc67997203c25381cb6e-v390e508d27db7a51eece36bb6d9698b63a5b638a,ansible/ansible,ok,1,0,1,277,80,0,False,6.0
instance_ansible__ansible-83909bfa22573777e3db5688773bda59721962ad-vba6da65a0f3baefda7a058ebbd0a8dcafb8512f5,ansible/ansible,ok,2,0,1,26,12,1,False,2.2
instance_ansible__ansible-9142be2f6cabbe6597c9254c5bb9186d17036d55-v0f01c69f1e2528b935359cfe578530722bca2c59,ansible/ansible,ok,1,0,1,108,69,0,False,2.3
instance_ansible__ansible-a20a52701402a12f91396549df04ac55809f68e9-v1055803c3a812189a1133297f7f5468579283f86,ansible/ansible,ok,1,0,1,88,45,0,False,3.2
instance_ansible__ansible-a7d2a4e03209cff1e97e59fd54bb2b05fdbdbec6-v0f01c69f1e2528b935359cfe578530722bca2c59,ansible/ansible,ok,3,0,3,50,41,0,False,2.4
instance_ansible__ansible-cd473dfb2fdbc97acf3293c134b21cbbcfa89ec3-vba6da65a0f3baefda7a058ebbd0a8dcafb8512f5,ansible/ansible,ok,1,0,1,55,29,0,False,0.7
instance_ansible__ansible-f327e65d11bb905ed9f15996024f857a95592629-vba6da65a0f3baefda7a058ebbd0a8dcafb8512f5,ansible/ansible,ok,2,0,2,35,14,0,False,1.6
instance_ansible__ansible-f86c58e2d235d8b96029d102c71ee2dfafd57997-v0f01c69f1e2528b935359cfe578530722bca2c59,ansible/ansible,ok,2,0,2,142,57,0,False,1.3
instance_ansible__ansible-f8ef34672b961a95ec7282643679492862c688ec-vba6da65a0f3baefda7a058ebbd0a8dcafb8512f5,ansible/ansible,ok,6,0,6,94,82,0,False,1.6
instance_qutebrowser__qutebrowser-16de05407111ddd82fa12e54389d532362489da9-v363c8a7e5ccdf6968fc7ab84a2053ac78036691d,qutebrowser/qutebrowser,ok,1,0,5,109,86,0,False,0.7
instance_qutebrowser__qutebrowser-322834d0e6bf17e5661145c9f085b41215c280e8-v488d33dd1b2540b234cbb0468af6b6614941ce8f,qutebrowser/qutebrowser,ok,3,0,5,108,70,0,False,1.5
instance_qutebrowser__qutebrowser-34a13afd36b5e529d553892b1cd8b9d5ce8881c4-vafb3e8e01b31319c66c4e666b8a3b1d8ba55db24,qutebrowser/qutebrowser,ok,1,0,2,96,65,0,False,0.7
instance_qutebrowser__qutebrowser-35168ade46184d7e5b91dfa04ca42fe2abd82717-v363c8a7e5ccdf6968fc7ab84a2053ac78036691d,qutebrowser/qutebrowser,ok,2,0,6,135,83,0,False,0.4
instance_qutebrowser__qutebrowser-473a15f7908f2bb6d670b0e908ab34a28d8cf7e2-v363c8a7e5ccdf6968fc7ab84a2053ac78036691d,qutebrowser/qutebrowser,ok,1,0,5,109,86,0,False,0.6
instance_qutebrowser__qutebrowser-5fdc83e5da6222fe61163395baaad7ae57fa2cb4-v363c8a7e5ccdf6968fc7ab84a2053ac78036691d,qutebrowser/qutebrowser,ok,3,0,4,114,83,0,False,1.4
instance_qutebrowser__qutebrowser-85b867fe8d4378c8e371f055c70452f546055854-v2ef375ac784985212b1805e1d0431dc8f1b3c171,qutebrowser/qutebrowser,ok,2,0,8,182,104,0,False,0.5
instance_qutebrowser__qutebrowser-8d05f0282a271bfd45e614238bd1b555c58b3fc1-v35616345bb8052ea303186706cec663146f0f184,qutebrowser/qutebrowser,ok,1,0,1,55,41,0,False,1.8
instance_qutebrowser__qutebrowser-8f46ba3f6dc7b18375f7aa63c48a1fe461190430-v2ef375ac784985212b1805e1d0431dc8f1b3c171,qutebrowser/qutebrowser,ok,1,0,1,27,14,0,False,0.3
instance_qutebrowser__qutebrowser-996487c43e4fcc265b541f9eca1e7930e3c5cf05-v2ef375ac784985212b1805e1d0431dc8f1b3c171,qutebrowser/qutebrowser,ok,1,0,2,52,27,0,False,0.4
instance_qutebrowser__qutebrowser-9b71c1ea67a9e7eb70dd83214d881c2031db6541-v363c8a7e5ccdf6968fc7ab84a2053ac78036691d,qutebrowser/qutebrowser,ok,1,0,5,109,86,0,False,0.4
instance_qutebrowser__qutebrowser-bf045f7ec7c27709ea3ef61cf41a24e8fdd2e7da-v059c6fdc75567943479b23ebca7c07b5e9a7f34c,qutebrowser/qutebrowser,ok,1,0,2,114,74,0,False,0.7
instance_qutebrowser__qutebrowser-deeb15d6f009b3ca0c3bd503a7cef07462bd16b4-v363c8a7e5ccdf6968fc7ab84a2053ac78036691d,qutebrowser/qutebrowser,ok,1,0,1,80,48,0,False,0.2
instance_qutebrowser__qutebrowser-e15d26630934d0b6415ed2295ac42fd570a57620-va0fd88aac89cde702ec1ba84877234da33adce8a,qutebrowser/qutebrowser,ok,2,0,3,29,12,0,False,0.4
instance_qutebrowser__qutebrowser-e57b6e0eeeb656eb2c84d6547d5a0a7333ecee85-v2ef375ac784985212b1805e1d0431dc8f1b3c171,qutebrowser/qutebrowser,ok,3,0,4,82,52,0,False,0.3
instance_qutebrowser__qutebrowser-ec2dcfce9eee9f808efc17a1b99e227fc4421dea-v5149fcda2a9a6fe1d35dfed1bade1444a11ef271,qutebrowser/qutebrowser,ok,1,0,4,70,54,0,False,0.4
instance_qutebrowser__qutebrowser-ed19d7f58b2664bb310c7cb6b52c5b9a06ea60b2-v059c6fdc75567943479b23ebca7c07b5e9a7f34c,qutebrowser/qutebrowser,ok,3,0,7,58,30,0,False,0.5
instance_qutebrowser__qutebrowser-f7753550f2c1dcb2348e4779fd5287166754827e-v059c6fdc75567943479b23ebca7c07b5e9a7f34c,qutebrowser/qutebrowser,ok,3,0,4,64,31,0,False,1.1
instance_qutebrowser__qutebrowser-fd6790fe8c02b144ab2464f1fc8ab3d02ce3c476-v2ef375ac784985212b1805e1d0431dc8f1b3c171,qutebrowser/qutebrowser,ok,2,0,4,72,58,0,False,0.8
instance_qutebrowser__qutebrowser-fec187c2cb53d769c2682b35ca77858a811414a8-v363c8a7e5ccdf6968fc7ab84a2053ac78036691d,qutebrowser/qutebrowser,ok,1,0,2,55,38,0,False,0.5
modin-project__modin-5946,modin-project/modin,ok,3,0,3,30,25,0,False,0.6
modin-project__modin-6260,modin-project/modin,ok,2,0,3,11,5,0,False,0.2
modin-project__modin-6275,modin-project/modin,ok,4,0,5,165,99,2,False,13.7
modin-project__modin-6370,modin-project/modin,ok,2,0,3,18,14,0,False,1.2
modin-project__modin-6381,modin-project/modin,ok,1,0,1,44,48,0,False,8.2
modin-project__modin-6648,modin-project/modin,ok,5,0,5,91,44,1,False,4.7
modin-project__modin-6673,modin-project/modin,ok,8,0,10,239,132,0,False,5.1
modin-project__modin-6737,modin-project/modin,ok,2,0,2,237,130,0,False,1.1
modin-project__modin-6757,modin-project/modin,ok,2,0,8,80,36,0,False,5.3
modin-project__modin-6785,modin-project/modin,ok,1,0,3,26,20,0,False,0.5
modin-project__modin-6798,modin-project/modin,ok,1,0,1,10,3,0,False,0.3
modin-project__modin-6823,modin-project/modin,ok,2,0,2,21,23,0,False,8.4
modin-project__modin-6941,modin-project/modin,ok,2,0,2,102,35,0,False,3.6
modin-project__modin-6969,modin-project/modin,ok,2,0,2,33,24,0,False,0.7
modin-project__modin-6980,modin-project/modin,ok,1,0,1,69,42,0,False,4.3
modin-project__modin-6992,modin-project/modin,ok,3,0,5,83,43,0,False,0.3
modin-project__modin-7055,modin-project/modin,ok,1,0,1,4,2,0,False,0.4
modin-project__modin-7160,modin-project/modin,ok,2,0,2,37,14,0,False,3.3
modin-project__modin-7189,modin-project/modin,ok,1,0,2,40,20,0,False,0.2
modin-project__modin-7208,modin-project/modin,ok,1,0,1,5,6,0,False,5.4
pydantic__pydantic-5021,pydantic/pydantic,ok,1,0,2,13,12,0,False,0.9
pydantic__pydantic-5196,pydantic/pydantic,ok,2,0,4,47,37,0,False,1.0
pydantic__pydantic-5322,pydantic/pydantic,ok,4,0,3,47,21,16,False,1.8
pydantic__pydantic-5386,pydantic/pydantic,ok,1,0,1,91,6,0,False,0.8
pydantic__pydantic-5591,pydantic/pydantic,ok,1,0,1,54,23,0,False,0.2
pydantic__pydantic-6100,pydantic/pydantic,ok,2,0,3,26,27,0,False,2.0
pydantic__pydantic-6126,pydantic/pydantic,ok,1,0,1,4,4,0,False,0.9
pydantic__pydantic-6274,pydantic/pydantic,ok,1,0,1,6,5,0,False,0.3
pydantic__pydantic-6293,pydantic/pydantic,ok,1,0,1,84,53,0,False,1.4
pydantic__pydantic-8159,pydantic/pydantic,ok,2,0,2,38,5,0,False,0.2
pydantic__pydantic-8511,pydantic/pydantic,ok,1,0,2,54,22,0,False,0.4
pydantic__pydantic-8583,pydantic/pydantic,ok,1,0,1,5,3,0,False,0.4
pydantic__pydantic-8734,pydantic/pydantic,ok,1,0,2,39,30,0,False,3.6
pydantic__pydantic-8920,pydantic/pydantic,ok,1,0,1,13,10,0,False,0.6
pydantic__pydantic-8947,pydantic/pydantic,ok,1,0,4,31,9,1,False,0.6
pydantic__pydantic-8965,pydantic/pydantic,ok,2,0,2,30,5,0,False,0.3
pydantic__pydantic-8977,pydantic/pydantic,ok,1,0,1,9,7,0,False,0.2
pydantic__pydantic-9082,pydantic/pydantic,ok,1,0,1,1,2,0,False,0.2
pydantic__pydantic-9214,pydantic/pydantic,ok,1,0,2,12,9,0,False,0.5
pydantic__pydantic-9287,pydantic/pydantic,ok,1,0,2,6,5,0,False,0.4
