source,a,b,n_pr,mean_a,mean_b,delta,a12,p,p_holm
co_edited,ppr_und,ppr_und_pl,708,0.3573817183810122,0.37141511972020447,-0.014033401339192286,0.48726120367710424,0.23452971368276965,1.0
co_edited,ppr_und,hops_lines,708,0.3573817183810122,0.3889406639539054,-0.03155894557289324,0.46911806952025276,1.751165644742989e-06,4.9032638052803694e-05
co_edited,ppr_und,pagerank,708,0.3573817183810122,0.2716532102875676,0.08572850809344457,0.6184395847298031,7.187434477455308e-39,5.678073237189693e-37
co_edited,ppr_und,bm25_issue,708,0.3573817183810122,0.4072061222087705,-0.04982440382775832,0.4317076430782981,4.840867362412559e-10,1.887938271340898e-08
co_edited,ppr_und,bm25_issue_pl,708,0.3573817183810122,0.35404132757151824,0.0033403908094939427,0.510433623799036,0.09413015881121864,0.7530412704897491
co_edited,ppr_und,path_issue,708,0.3573817183810122,0.435825192247332,-0.07844347386631983,0.40322165565450535,1.971337520579103e-16,1.0053821354953425e-14
co_edited,ppr_und,bm25_seed,708,0.3573817183810122,0.39302753116312433,-0.03564581278211215,0.4577498084841521,2.2464440921891734e-06,5.840754639691851e-05
co_edited,ppr_und,path_seed,708,0.3573817183810122,0.36844661259827216,-0.01106489421725998,0.4970883606243417,0.8902753518781048,1.0
co_edited,ppr_und,rrf_ppr_issue,708,0.3573817183810122,0.3930239814067497,-0.03564226302573753,0.4521360001915158,2.4587823361043804e-17,1.2785668147742779e-15
co_edited,ppr_und,rrf_ppr_issue_path,708,0.3573817183810122,0.4462414151944519,-0.08885969681343969,0.3840870279932332,5.640605139653015e-43,4.850920420101593e-41
co_edited,ppr_und,rrf_hops_path,708,0.3573817183810122,0.45818531783397604,-0.10080359945296385,0.37537904178237413,5.097257960586784e-44,4.434614425710502e-42
co_edited,ppr_und,rrf_hops_issue_path,708,0.3573817183810122,0.48191803145457807,-0.12453631307356589,0.3396194420504964,6.253706629494814e-61,6.503854894674606e-59
co_edited,ppr_und,rrf_pprpl_issue_path,708,0.3573817183810122,0.48838870019131314,-0.13100698181030096,0.33398368923361743,1.6182846393138969e-59,1.6668331784933137e-57
co_edited,ppr_und,same_dir,708,0.3573817183810122,0.32682721374017276,0.03055450464083942,0.5505821283794567,8.529817700035415e-08,2.985436195012395e-06
co_edited,ppr_und,random,708,0.3573817183810122,0.2473322413161749,0.11004947706483728,0.6564734351559258,7.424197469159287e-55,7.349955494467694e-53
co_edited,ppr_und_pl,hops_lines,708,0.37141511972020447,0.3889406639539054,-0.01752554423370095,0.48229775128475216,2.1064941988446328e-10,8.636626215262994e-09
co_edited,ppr_und_pl,pagerank,708,0.37141511972020447,0.2716532102875676,0.09976190943263685,0.625023939480992,5.840905258732343e-31,4.2054517862872865e-29
co_edited,ppr_und_pl,bm25_issue,708,0.37141511972020447,0.4072061222087705,-0.03579100248856604,0.44700696638896864,4.110922276476971e-06,9.866213463544731e-05
co_edited,ppr_und_pl,bm25_issue_pl,708,0.37141511972020447,0.35404132757151824,0.01737379214868623,0.5221769367040122,0.00017506441929734031,0.003501288385946806
co_edited,ppr_und_pl,path_issue,708,0.37141511972020447,0.435825192247332,-0.06441007252712755,0.41923816591656293,6.610760667787979e-15,2.908734693826711e-13
co_edited,ppr_und_pl,bm25_seed,708,0.37141511972020447,0.39302753116312433,-0.021612411442919865,0.4715110201410834,0.002405453288986641,0.036081799334799616
co_edited,ppr_und_pl,path_seed,708,0.37141511972020447,0.36844661259827216,0.0029685071219323067,0.5088157138753232,0.5818397737372589,1.0
co_edited,ppr_und_pl,rrf_ppr_issue,708,0.37141511972020447,0.3930239814067497,-0.021608861686545244,0.46676003064253563,6.6324748133214656e-06,0.0001525469207063937
co_edited,ppr_und_pl,rrf_ppr_issue_path,708,0.37141511972020447,0.4462414151944519,-0.0748262954742474,0.4011419132433209,1.4250585609677582e-24,8.8353630780001e-23
co_edited,ppr_und_pl,rrf_hops_path,708,0.37141511972020447,0.45818531783397604,-0.08677019811377157,0.3925197101726835,2.8802283879109455e-44,2.534600981361632e-42
co_edited,ppr_und_pl,rrf_hops_issue_path,708,0.37141511972020447,0.48191803145457807,-0.1105029117343736,0.35855357655846015,4.752848216450117e-48,4.3250918769696066e-46
co_edited,ppr_und_pl,rrf_pprpl_issue_path,708,0.37141511972020447,0.48838870019131314,-0.11697358047110867,0.35270436336940225,1.3915812441630365e-55,1.405497056604667e-53
co_edited,ppr_und_pl,same_dir,708,0.37141511972020447,0.32682721374017276,0.044587905980031706,0.5599225158798556,9.512875734628832e-09,3.6148927791589563e-07
co_edited,ppr_und_pl,random,708,0.37141511972020447,0.2473322413161749,0.12408287840402957,0.6612902582272017,8.362522257546405e-50,7.860770922093621e-48
co_edited,hops_lines,pagerank,708,0.3889406639539054,0.2716532102875676,0.1172874536663378,0.6380599843595391,1.6175285119374883e-34,1.1969710988337413e-32
co_edited,hops_lines,bm25_issue,708,0.3889406639539054,0.4072061222087705,-0.018265458254865086,0.4685854160681796,0.004947814801970739,0.0643215924256196
co_edited,hops_lines,bm25_issue_pl,708,0.3889406639539054,0.35404132757151824,0.03489933638238718,0.5388348255609818,1.2145510458639698e-06,3.5221980330055124e-05
co_edited,hops_lines,path_issue,708,0.3889406639539054,0.435825192247332,-0.0468845282934266,0.4402310957898433,7.901065219982259e-08,2.8443834791936132e-06
co_edited,hops_lines,bm25_seed,708,0.3889406639539054,0.39302753116312433,-0.004086867209218914,0.49132692553225454,0.3890148945508922,1.0
co_edited,hops_lines,path_seed,708,0.3889406639539054,0.36844661259827216,0.020494051355633258,0.5257558891123241,0.003963407132255741,0.05548769985158037
co_edited,hops_lines,rrf_ppr_issue,708,0.3889406639539054,0.3930239814067497,-0.004083317452844293,0.48717143062338414,0.041280287034453696,0.45408315737899063
co_edited,hops_lines,rrf_ppr_issue_path,708,0.3889406639539054,0.4462414151944519,-0.057300751240546455,0.4240729435985828,2.197646557390839e-15,1.0109174163997859e-13
co_edited,hops_lines,rrf_hops_path,708,0.3889406639539054,0.45818531783397604,-0.06924465388007062,0.4144452823262792,3.088460488641511e-38,2.3781145762539637e-36
co_edited,hops_lines,rrf_hops_issue_path,708,0.3889406639539054,0.48191803145457807,-0.09297736750067265,0.3820541670656581,1.4780754325350922e-40,1.2268026090041265e-38
co_edited,hops_lines,rrf_pprpl_issue_path,708,0.3889406639539054,0.48838870019131314,-0.09944803623740772,0.37634958824092696,2.379618402302374e-38,1.856102353795852e-36
co_edited,hops_lines,same_dir,708,0.3889406639539054,0.32682721374017276,0.06211345021373266,0.5747809537489228,3.317999628792416e-16,1.658999814396208e-14
co_edited,hops_lines,random,708,0.3889406639539054,0.2473322413161749,0.14160842263773052,0.6722675077404322,9.058691128630689e-54,8.786930394771767e-52
co_edited,pagerank,bm25_issue,708,0.2716532102875676,0.4072061222087705,-0.1355529119212029,0.3172549794120464,5.277866844883563e-49,4.855637497292878e-47
co_edited,pagerank,bm25_issue_pl,708,0.2716532102875676,0.35404132757151824,-0.08238811728395062,0.39972349899454185,9.77927322883135e-18,5.183014811280615e-16
co_edited,pagerank,path_issue,708,0.2716532102875676,0.435825192247332,-0.1641719819597644,0.2942481407003096,1.2618965221296632e-58,1.2871344525722565e-56
co_edited,pagerank,bm25_seed,708,0.2716532102875676,0.39302753116312433,-0.12137432087555672,0.3424313335886877,3.8782693741334496e-41,3.257746274272098e-39
co_edited,pagerank,path_seed,708,0.2716532102875676,0.36844661259827216,-0.09679340231070455,0.3827284624469342,8.112201046204403e-20,4.62395459633651e-18
co_edited,pagerank,rrf_ppr_issue,708,0.2716532102875676,0.3930239814067497,-0.1213707711191821,0.33495224073542085,1.429450896842296e-55,1.429450896842296e-53
co_edited,pagerank,rrf_ppr_issue_path,708,0.2716532102875676,0.4462414151944519,-0.17458820490688426,0.2727225573749561,2.622421799231313e-78,2.93711241513907e-76
co_edited,pagerank,rrf_hops_path,708,0.2716532102875676,0.45818531783397604,-0.18653210754640842,0.269132632704523,5.120611644247254e-73,5.632672808671979e-71
co_edited,pagerank,rrf_hops_issue_path,708,0.2716532102875676,0.48191803145457807,-0.21026482116701045,0.2362766925213062,2.061824008864787e-86,2.350479370105857e-84
co_edited,pagerank,rrf_pprpl_issue_path,708,0.2716532102875676,0.48838870019131314,-0.21673548990374553,0.231593531552236,1.025003564858451e-90,1.1890041352358032e-88
co_edited,pagerank,same_dir,708,0.2716532102875676,0.32682721374017276,-0.05517400345260515,0.43205676050943215,5.195345913233463e-07,1.6105572331023736e-05
co_edited,pagerank,random,708,0.2716532102875676,0.2473322413161749,0.024320968971392715,0.5299053991509464,0.00020780857192548118,0.0039483628665841425
co_edited,bm25_issue,bm25_issue_pl,708,0.4072061222087705,0.35404132757151824,0.053164794637252266,0.573677742666539,5.600573625143849e-12,2.4082466588118553e-10
co_edited,bm25_issue,path_issue,708,0.4072061222087705,0.435825192247332,-0.02861907003856151,0.4674682402885505,0.006969903377185447,0.08363884052622536
co_edited,bm25_issue,bm25_seed,708,0.4072061222087705,0.39302753116312433,0.014178591045646172,0.5259773293115004,0.0018004762063323352,0.028807619301317363
co_edited,bm25_issue,path_seed,708,0.4072061222087705,0.36844661259827216,0.038759509610498344,0.5622107312713459,2.958207556967441e-08,1.0945367960779532e-06
co_edited,bm25_issue,rrf_ppr_issue,708,0.4072061222087705,0.3930239814067497,0.014182140802020793,0.5214617447093748,0.06268833598939208,0.6268833598939207
co_edited,bm25_issue,rrf_ppr_issue_path,708,0.4072061222087705,0.4462414151944519,-0.03903529298568137,0.45201630278655563,1.1568339153852821e-11,4.858702444618185e-10
co_edited,bm25_issue,rrf_hops_path,708,0.4072061222087705,0.45818531783397604,-0.05097919562520553,0.4405632560886081,2.255593999892976e-06,5.840754639691851e-05
co_edited,bm25_issue,rrf_hops_issue_path,708,0.4072061222087705,0.48191803145457807,-0.07471190924580756,0.4042720003830318,1.204659221798873e-25,7.709819019512788e-24
co_edited,bm25_issue,rrf_pprpl_issue_path,708,0.4072061222087705,0.48838870019131314,-0.08118257798254264,0.39758191292412787,1.1207965659034811e-27,7.509336991553324e-26
co_edited,bm25_issue,same_dir,708,0.4072061222087705,0.32682721374017276,0.08037890846859774,0.6163897666698587,6.038548744987417e-22,3.5627437595425765e-20
co_edited,bm25_issue,random,708,0.4072061222087705,0.2473322413161749,0.1598738808925956,0.723680535605988,7.894119884636934e-79,8.920355469639736e-77
co_edited,bm25_issue_pl,path_issue,708,0.35404132757151824,0.435825192247332,-0.08178386467581378,0.39865619713364614,3.180360984644061e-27,2.0672346400186396e-25
co_edited,bm25_issue_pl,bm25_seed,708,0.35404132757151824,0.39302753116312433,-0.038986203591606094,0.4501181014395608,3.219358335432862e-05,0.0007082588337952297
co_edited,bm25_issue_pl,path_seed,708,0.35404132757151824,0.36844661259827216,-0.014405285026753922,0.4865998755146989,0.07769001898622747,0.6992101708760473
co_edited,bm25_issue_pl,rrf_ppr_issue,708,0.35404132757151824,0.3930239814067497,-0.03898265383523147,0.44468782916786365,3.084036777329385e-07,1.017732136518697e-05
co_edited,bm25_issue_pl,rrf_ppr_issue_path,708,0.35404132757151824,0.4462414151944519,-0.09220008762293364,0.3815504404864503,8.553463670585926e-29,5.8163552959984294e-27
co_edited,bm25_issue_pl,rrf_hops_path,708,0.35404132757151824,0.45818531783397604,-0.1041439902624578,0.37342797408152184,6.407172808689275e-40,5.253881703125206e-38
co_edited,bm25_issue_pl,rrf_hops_issue_path,708,0.35404132757151824,0.48191803145457807,-0.12787670388305983,0.3401700501133135,4.035951369328379e-54,3.9552323419418115e-52
co_edited,bm25_issue_pl,rrf_pprpl_issue_path,708,0.35404132757151824,0.48838870019131314,-0.1343473726197949,0.33470287114175373,3.9968100988089203e-63,4.2366187047374555e-61
co_edited,bm25_issue_pl,same_dir,708,0.35404132757151824,0.32682721374017276,0.027214113831345477,0.5355790561460628,0.0006993828583288705,0.012588891449919669
co_edited,bm25_issue_pl,random,708,0.35404132757151824,0.2473322413161749,0.10670908625534334,0.6342326598359347,3.786071843476619e-39,3.0288574747812953e-37
co_edited,path_issue,bm25_seed,708,0.435825192247332,0.39302753116312433,0.04279766108420768,0.5559196351623096,2.8050116408719504e-07,9.537039578964631e-06
co_edited,path_issue,path_seed,708,0.435825192247332,0.36844661259827216,0.06737857964905986,0.5898239251173034,2.492744629416205e-19,1.3710095461789128e-17
co_edited,path_issue,rrf_ppr_issue,708,0.435825192247332,0.3930239814067497,0.042801210840582304,0.5521860736059242,1.995725880036678e-06,5.38845987609903e-05
co_edited,path_issue,rrf_ppr_issue_path,708,0.435825192247332,0.4462414151944519,-0.010416222947119858,0.486078194324747,0.001686025857094222,0.028662439570601776
co_edited,path_issue,rrf_hops_path,708,0.435825192247332,0.45818531783397604,-0.02236012558664402,0.4734012416610808,4.268069651066712e-05,0.0008962946267240096
co_edited,path_issue,rrf_hops_issue_path,708,0.435825192247332,0.48191803145457807,-0.04609283920724605,0.4395647802355645,1.2455543505977395e-19,6.975104363347341e-18
co_edited,path_issue,rrf_pprpl_issue_path,708,0.435825192247332,0.48838870019131314,-0.052563507943981125,0.43254652239139463,6.708903071110985e-30,4.69623214977769e-28
co_edited,path_issue,same_dir,708,0.435825192247332,0.32682721374017276,0.10899797850715925,0.6419292029748794,7.334613570445325e-40,5.941036992060713e-38
co_edited,path_issue,random,708,0.435825192247332,0.2473322413161749,0.18849295093115712,0.7437378307638289,1.3269179414398887e-89,1.5259556326558722e-87
co_edited,bm25_seed,path_seed,708,0.39302753116312433,0.36844661259827216,0.024580918564852172,0.5381635226148297,6.375992839446525e-07,1.9127978518339576e-05
co_edited,bm25_seed,rrf_ppr_issue,708,0.39302753116312433,0.3930239814067497,3.5497563746211824e-06,0.4951761945801016,0.1356164713967964,0.9493152997775747
co_edited,bm25_seed,rrf_ppr_issue_path,708,0.39302753116312433,0.4462414151944519,-0.05321388403132754,0.4263741262089438,1.6799966713024108e-18,9.071982025033019e-17
co_edited,bm25_seed,rrf_hops_path,708,0.39302753116312433,0.45818531783397604,-0.0651577866708517,0.4171843579431198,7.591110871541779e-16,3.643733218340054e-14
co_edited,bm25_seed,rrf_hops_issue_path,708,0.39302753116312433,0.48191803145457807,-0.08889050029145373,0.3814137859491206,8.429551570681964e-35,6.322163678011474e-33
co_edited,bm25_seed,rrf_pprpl_issue_path,708,0.39302753116312433,0.48838870019131314,-0.09536116902818881,0.3755156963197038,2.5519925607819067e-33,1.862954569370792e-31
co_edited,bm25_seed,same_dir,708,0.39302753116312433,0.32682721374017276,0.06620031742295157,0.5920423170225669,3.565704097919543e-21,2.068108376793335e-19
co_edited,bm25_seed,random,708,0.39302753116312433,0.2473322413161749,0.14569528984694943,0.6976214130677647,1.7372652325298343e-70,1.876246451132221e-68
co_edited,path_seed,rrf_ppr_issue,708,0.36844661259827216,0.3930239814067497,-0.02457736880847755,0.4562555858788982,4.1224696710504544e-07,1.3191902947361454e-05
co_edited,path_seed,rrf_ppr_issue_path,708,0.36844661259827216,0.4462414151944519,-0.07779480259617971,0.3914843276197772,3.6434208093604555e-30,2.5868287746459233e-28
co_edited,path_seed,rrf_hops_path,708,0.36844661259827216,0.45818531783397604,-0.08973870523570388,0.38372294838647897,7.810096992281401e-36,5.935673714133865e-34
co_edited,path_seed,rrf_hops_issue_path,708,0.36844661259827216,0.48191803145457807,-0.1134714188563059,0.3502735085703342,1.140253258331035e-49,1.0604355302478625e-47
co_edited,path_seed,rrf_pprpl_issue_path,708,0.36844661259827216,0.48838870019131314,-0.11994208759304098,0.3442766685818252,1.1606639234527893e-53,1.1142373665146777e-51
co_edited,path_seed,same_dir,708,0.36844661259827216,0.32682721374017276,0.0416193988580994,0.5508444651919947,2.242526019378704e-10,8.970104077514816e-09
co_edited,path_seed,random,708,0.36844661259827216,0.2473322413161749,0.12111437128209726,0.650746911806952,4.551764261016639e-46,4.096587834914975e-44
co_edited,rrf_ppr_issue,rrf_ppr_issue_path,708,0.3930239814067497,0.4462414151944519,-0.05321743378770216,0.4300727760222159,1.1409374439511994e-29,7.872468363263276e-28
co_edited,rrf_ppr_issue,rrf_hops_path,708,0.3930239814067497,0.45818531783397604,-0.06516133642722632,0.41965411439879985,8.250681960873014e-16,3.8778205216103164e-14
co_edited,rrf_ppr_issue,rrf_hops_issue_path,708,0.3930239814067497,0.48191803145457807,-0.08889405004782835,0.38313643110217366,1.577139438567075e-44,1.4036541003246969e-42
co_edited,rrf_ppr_issue,rrf_pprpl_issue_path,708,0.3930239814067497,0.48838870019131314,-0.09536471878456343,0.3767615468096651,9.823038513869392e-42,8.349582736788982e-40
co_edited,rrf_ppr_issue,same_dir,708,0.3930239814067497,0.32682721374017276,0.06619676766657695,0.5981708241565323,6.308674839513566e-23,3.78520490370814e-21
co_edited,rrf_ppr_issue,random,708,0.3930239814067497,0.2473322413161749,0.1456917400905748,0.7065817613074149,7.326108800502496e-77,8.13198076855777e-75
co_edited,rrf_ppr_issue_path,rrf_hops_path,708,0.4462414151944519,0.45818531783397604,-0.011943902639524162,0.48748763126815414,0.38051865368688276,1.0
co_edited,rrf_ppr_issue_path,rrf_hops_issue_path,708,0.4462414151944519,0.48191803145457807,-0.03567661626012619,0.4512911360081714,1.6293912651468767e-25,1.0265164970425324e-23
co_edited,rrf_ppr_issue_path,rrf_pprpl_issue_path,708,0.4462414151944519,0.48838870019131314,-0.04214728499686127,0.4438808691627566,2.80044078723225e-27,1.8482909195732852e-25
co_edited,rrf_ppr_issue_path,same_dir,708,0.4462414151944519,0.32682721374017276,0.11941420145427911,0.6628223850106929,1.093229793346502e-50,1.038568303679177e-48
co_edited,rrf_ppr_issue_path,random,708,0.4462414151944519,0.2473322413161749,0.19890917387827697,0.7694588081330396,2.5825584424583508e-101,3.0474189621008537e-99
co_edited,rrf_hops_path,rrf_hops_issue_path,708,0.45818531783397604,0.48191803145457807,-0.02373271362060203,0.4660677806505154,5.556427595189251e-16,2.722649521642733e-14
co_edited,rrf_hops_path,rrf_pprpl_issue_path,708,0.45818531783397604,0.48838870019131314,-0.030203382357337105,0.45905750263334294,5.009634059013654e-15,2.2543353265561445e-13
co_edited,rrf_hops_path,same_dir,708,0.45818531783397604,0.32682721374017276,0.13135810409380327,0.668159891793546,1.843678919598481e-61,1.9358628655784053e-59
co_edited,rrf_hops_path,random,708,0.45818531783397604,0.2473322413161749,0.21085307651780114,0.7704423218104632,2.6222494553677328e-98,3.0680318627802474e-96
co_edited,rrf_hops_issue_path,rrf_pprpl_issue_path,708,0.48191803145457807,0.48838870019131314,-0.006470668736735075,0.4924750231414983,0.28468124818061946,1.0
co_edited,rrf_hops_issue_path,same_dir,708,0.48191803145457807,0.32682721374017276,0.1550908177144053,0.7016602030067988,1.4599336275037314e-69,1.5621289814289925e-67
co_edited,rrf_hops_issue_path,random,708,0.48191803145457807,0.2473322413161749,0.23458579013840317,0.8040284161639375,2.6131615878919963e-108,3.1096622895914756e-106
co_edited,rrf_pprpl_issue_path,same_dir,708,0.48838870019131314,0.32682721374017276,0.16156148645114038,0.7073897187908966,5.556624029350913e-73,6.056720191992495e-71
co_edited,rrf_pprpl_issue_path,random,708,0.48838870019131314,0.2473322413161749,0.24105645887513824,0.8087275367870025,2.572562004336489e-108,3.087074405203787e-106
co_edited,same_dir,random,708,0.32682721374017276,0.2473322413161749,0.07949497242399786,0.599436624213987,7.978540812781772e-24,4.8669098957968805e-22
symbol,ppr_und,ppr_und_pl,1156,0.44568332568574975,0.48932899880616615,-0.043645673120416395,0.4435886633301803,1.4259785431178523e-13,5.7039141724714095e-12
symbol,ppr_und,hops_lines,1156,0.44568332568574975,0.47674197454971573,-0.031058648863965976,0.4610786508782222,1.1800910030699673e-07,3.3042548085959083e-06
symbol,ppr_und,pagerank,1156,0.44568332568574975,0.4099921053970847,0.03569122028866506,0.5478049682115875,1.2075575768678622e-11,4.105695761350732e-10
symbol,ppr_und,bm25_issue,1156,0.44568332568574975,0.3404272250723622,0.10525610061338753,0.635723725170915,4.825906607678357e-45,3.37813462537485e-43
symbol,ppr_und,bm25_issue_pl,1156,0.44568332568574975,0.3552965126677088,0.09038681301804097,0.6189685827516432,1.9971222363728603e-35,1.258187008914902e-33
symbol,ppr_und,path_issue,1156,0.44568332568574975,0.3834700026368388,0.06221332304891097,0.5829057961470768,2.834802247844192e-17,1.2756610115298866e-15
symbol,ppr_und,bm25_seed,1156,0.44568332568574975,0.33599125176654204,0.10969207391920771,0.6442949228337782,1.39368404626958e-56,1.0731367156275765e-54
symbol,ppr_und,path_seed,1156,0.44568332568574975,0.3651866451200025,0.08049668056574727,0.6075380742567738,3.272760672462259e-39,2.1272944371004683e-37
symbol,ppr_und,rrf_ppr_issue,1156,0.44568332568574975,0.39053800637885266,0.05514531930689709,0.5752464200620204,7.10058651157909e-24,3.621299120905336e-22
symbol,ppr_und,rrf_ppr_issue_path,1156,0.44568332568574975,0.421255742177664,0.02442758350808577,0.533619164641228,7.610590925389278e-06,0.00018265418220934267
symbol,ppr_und,rrf_hops_path,1156,0.44568332568574975,0.477124617407851,-0.03144129172210125,0.46056605524359145,1.912425969822653e-06,4.9723075215388976e-05
symbol,ppr_und,rrf_hops_issue_path,1156,0.44568332568574975,0.4581719309628022,-0.012488605277052423,0.48513173333652615,0.18320623721752927,1.0
symbol,ppr_und,rrf_pprpl_issue_path,1156,0.44568332568574975,0.47517121846828386,-0.02948789278253411,0.46434392248656026,7.013092003769658e-05,0.001472749320791628
symbol,ppr_und,same_dir,1156,0.44568332568574975,0.3193999822291122,0.12628334345663755,0.6695251044647453,8.233095809024137e-72,7.574448144302206e-70
symbol,ppr_und,random,1156,0.44568332568574975,0.25067535946712893,0.19500796621862082,0.7600854126507106,8.58538107806235e-137,9.873188239771702e-135
symbol,ppr_und_pl,hops_lines,1156,0.48932899880616615,0.47674197454971573,0.012587024256450419,0.5154358634355432,0.04128343124323927,0.49540117491887126
symbol,ppr_und_pl,pagerank,1156,0.48932899880616615,0.4099921053970847,0.07933689340908145,0.598524996707415,4.349486357989874e-31,2.609691814793924e-29
symbol,ppr_und_pl,bm25_issue,1156,0.48932899880616615,0.3404272250723622,0.14890177373380392,0.6777629278863998,4.2021826669346827e-50,3.151637000201012e-48
symbol,ppr_und_pl,bm25_issue_pl,1156,0.48932899880616615,0.3552965126677088,0.13403248613845736,0.6615843620167383,8.585677051870837e-92,8.92910413394567e-90
symbol,ppr_und_pl,path_issue,1156,0.48932899880616615,0.3834700026368388,0.10585899616932737,0.6275577399695884,2.0776732590906235e-33,1.2881574206361865e-31
symbol,ppr_und_pl,bm25_seed,1156,0.48932899880616615,0.33599125176654204,0.1533377470396241,0.6852778792160056,9.457070004311032e-58,7.660226703491936e-56
symbol,ppr_und_pl,path_seed,1156,0.48932899880616615,0.3651866451200025,0.12414235368616366,0.6516953819997366,3.0381551423564794e-62,2.643194973850137e-60
symbol,ppr_und_pl,rrf_ppr_issue,1156,0.48932899880616615,0.39053800637885266,0.09879099242731348,0.6241731121514349,1.1746711252295518e-29,6.695625413808445e-28
symbol,ppr_und_pl,rrf_ppr_issue_path,1156,0.48932899880616615,0.421255742177664,0.06807325662850217,0.5855151698375259,6.317943062502144e-15,2.590356655625879e-13
symbol,ppr_und_pl,rrf_hops_path,1156,0.48932899880616615,0.477124617407851,0.012204381398315145,0.5182607517869758,0.036499270876753184,0.4744905213977914
symbol,ppr_und_pl,rrf_hops_issue_path,1156,0.48932899880616615,0.4581719309628022,0.031157067843363973,0.5408561170244609,0.0004158296409186944,0.007484933536536499
symbol,ppr_und_pl,rrf_pprpl_issue_path,1156,0.48932899880616615,0.47517121846828386,0.014157780337882286,0.5208637648016666,0.12378968300965168,0.9903174640772134
symbol,ppr_und_pl,same_dir,1156,0.48932899880616615,0.3193999822291122,0.16992901657705395,0.7065588295159301,5.517220406469022e-99,5.903425834921853e-97
symbol,ppr_und_pl,random,1156,0.48932899880616615,0.25067535946712893,0.23865363933903722,0.7905373349217562,3.8934140473749326e-150,4.555294435428671e-148
symbol,hops_lines,pagerank,1156,0.47674197454971573,0.4099921053970847,0.06674986915263104,0.5820403700865652,6.7581834635271604e-18,3.108764393222494e-16
symbol,hops_lines,bm25_issue,1156,0.47674197454971573,0.3404272250723622,0.1363147494773535,0.6623401599597706,1.4500766207730649e-49,1.073056699372068e-47
symbol,hops_lines,bm25_issue_pl,1156,0.47674197454971573,0.3552965126677088,0.12144546188200694,0.6459520659474863,1.8914692939171403e-71,1.7023223645254262e-69
symbol,hops_lines,path_issue,1156,0.47674197454971573,0.3834700026368388,0.09327197191287695,0.611948641658984,3.885519352193264e-30,2.2536012242720934e-28
symbol,hops_lines,bm25_seed,1156,0.47674197454971573,0.33599125176654204,0.1407507227831737,0.6697275236168149,3.0172040310661683e-60,2.5042793457849198e-58
symbol,hops_lines,path_seed,1156,0.47674197454971573,0.3651866451200025,0.11155532942971325,0.635705765615833,1.6379903951782216e-59,1.3431521240461418e-57
symbol,hops_lines,rrf_ppr_issue,1156,0.47674197454971573,0.39053800637885266,0.08620396817086307,0.6072817764394585,2.0126039191933325e-27,1.0868061163643996e-25
symbol,hops_lines,rrf_ppr_issue_path,1156,0.47674197454971573,0.421255742177664,0.05548623237205175,0.5686459094120041,2.3729898153553708e-12,8.542763335279335e-11
symbol,hops_lines,rrf_hops_path,1156,0.47674197454971573,0.477124617407851,-0.00038264285813527366,0.5012425767172327,0.7029074339618245,1.0
symbol,hops_lines,rrf_hops_issue_path,1156,0.47674197454971573,0.4581719309628022,0.018570043586913554,0.5239464476000047,0.024687259536232384,0.3456216335072534
symbol,hops_lines,rrf_pprpl_issue_path,1156,0.47674197454971573,0.47517121846828386,0.0015707560814318677,0.50408654709594,0.788476053195651,1.0
symbol,hops_lines,same_dir,1156,0.47674197454971573,0.3193999822291122,0.15734199232060353,0.6908266334215347,2.803864519236691e-100,3.028173680775626e-98
symbol,hops_lines,random,1156,0.47674197454971573,0.25067535946712893,0.2260666150825868,0.774448192670107,1.2401114580677512e-147,1.4385292913585915e-145
symbol,pagerank,bm25_issue,1156,0.4099921053970847,0.3404272250723622,0.06956488032472247,0.5880339974377701,1.5945902637183457e-19,7.494574239476225e-18
symbol,pagerank,bm25_issue_pl,1156,0.4099921053970847,0.3552965126677088,0.05469559272937591,0.5724020755259156,4.875272417977052e-16,2.1451198639099028e-14
symbol,pagerank,path_issue,1156,0.4099921053970847,0.3834700026368388,0.026522102760245914,0.5369978059410208,2.7554000962516095e-05,0.0006061880211753541
symbol,pagerank,bm25_seed,1156,0.4099921053970847,0.33599125176654204,0.07400085363054265,0.5960952185677852,1.4849043309256333e-21,7.276031221535603e-20
symbol,pagerank,path_seed,1156,0.4099921053970847,0.3651866451200025,0.04480546027708221,0.5600099825193663,6.657595517983642e-13,2.529886296833784e-11
symbol,pagerank,rrf_ppr_issue,1156,0.4099921053970847,0.39053800637885266,0.01945409901823203,0.5252193310664385,0.004710269260012034,0.08007457742020457
symbol,pagerank,rrf_ppr_issue_path,1156,0.4099921053970847,0.421255742177664,-0.01126363678057929,0.4852510895463416,0.33428602189139134,1.0
symbol,pagerank,rrf_hops_path,1156,0.4099921053970847,0.477124617407851,-0.06713251201076631,0.41530198991870315,1.0685585825591364e-15,4.594801905004286e-14
symbol,pagerank,rrf_hops_issue_path,1156,0.4099921053970847,0.4581719309628022,-0.04817982556571748,0.43834522156104455,1.1338816223773226e-08,3.5150330293697e-07
symbol,pagerank,rrf_pprpl_issue_path,1156,0.4099921053970847,0.47517121846828386,-0.06517911307119917,0.4189328133044383,4.176334743250081e-15,1.754060592165034e-13
symbol,pagerank,same_dir,1156,0.4099921053970847,0.3193999822291122,0.0905921231679725,0.621918065516457,1.4762747140097087e-36,9.448158169662135e-35
symbol,pagerank,random,1156,0.4099921053970847,0.25067535946712893,0.15931674592995576,0.7107628620346979,2.141403591052019e-111,2.398372021978261e-109
symbol,bm25_issue,bm25_issue_pl,1156,0.3404272250723622,0.3552965126677088,-0.014869287595346559,0.48661638988996786,0.23495362091741168,1.0
symbol,bm25_issue,path_issue,1156,0.3404272250723622,0.3834700026368388,-0.04304277756447655,0.4515840327582285,2.0640835800305766e-10,6.8114758141009024e-09
symbol,bm25_issue,bm25_seed,1156,0.3404272250723622,0.33599125176654204,0.0044359733058201845,0.5074412423222902,0.331543466893636,1.0
symbol,bm25_issue,path_seed,1156,0.3404272250723622,0.3651866451200025,-0.024759420047640257,0.4705257510087283,0.0003182365761279174,0.006046494946430431
symbol,bm25_issue,rrf_ppr_issue,1156,0.3404272250723622,0.39053800637885266,-0.05011078130649044,0.43299028088744157,4.389651243161853e-47,3.160548895076534e-45
symbol,bm25_issue,rrf_ppr_issue_path,1156,0.3404272250723622,0.421255742177664,-0.08082851710530176,0.3957511434250068,1.4558735759957118e-73,1.353962425676012e-71
symbol,bm25_issue,rrf_hops_path,1156,0.3404272250723622,0.477124617407851,-0.13669739233548878,0.33075626189820523,3.1265359244855587e-69,2.7826169727921472e-67
symbol,bm25_issue,rrf_hops_issue_path,1156,0.3404272250723622,0.4581719309628022,-0.11774470589043995,0.3512945097640115,9.57235539620741e-98,1.0146696719979854e-95
symbol,bm25_issue,rrf_pprpl_issue_path,1156,0.3404272250723622,0.47517121846828386,-0.13474399339592164,0.3336731929694328,8.421500504183089e-105,9.347865559643228e-103
symbol,bm25_issue,same_dir,1156,0.3404272250723622,0.3193999822291122,0.021027242843250027,0.5333703499718635,0.00013711417963993975,0.002742283592798795
symbol,bm25_issue,random,1156,0.3404272250723622,0.25067535946712893,0.0897518656052333,0.6188050759689181,4.056798095766413e-44,2.799190686078825e-42
symbol,bm25_issue_pl,path_issue,1156,0.3552965126677088,0.3834700026368388,-0.028173489969129994,0.46590565546389534,6.117902236652378e-06,0.00015294755591630947
symbol,bm25_issue_pl,bm25_seed,1156,0.3552965126677088,0.33599125176654204,0.019305260901166743,0.52052702314388,0.06556827528807056,0.7212510281687762
symbol,bm25_issue_pl,path_seed,1156,0.3552965126677088,0.3651866451200025,-0.009890132452293698,0.48490349732402627,0.10104604401802217,0.9094143961621995
symbol,bm25_issue_pl,rrf_ppr_issue,1156,0.3552965126677088,0.39053800637885266,-0.03524149371114388,0.4490289118904227,7.456006417066939e-08,2.2368019251200818e-06
symbol,bm25_issue_pl,rrf_ppr_issue_path,1156,0.3552965126677088,0.421255742177664,-0.0659592295099552,0.4124516588642377,1.0431622314549418e-21,5.215811157274709e-20
symbol,bm25_issue_pl,rrf_hops_path,1156,0.3552965126677088,0.477124617407851,-0.12182810474014222,0.3480486943403456,3.0903458166383014e-75,2.9667319839727695e-73
symbol,bm25_issue_pl,rrf_hops_issue_path,1156,0.3552965126677088,0.4581719309628022,-0.10287541829509339,0.36876429281258605,2.011316766058717e-52,1.528600742204625e-50
symbol,bm25_issue_pl,rrf_pprpl_issue_path,1156,0.3552965126677088,0.47517121846828386,-0.11987470580057508,0.35116617377665493,2.1165756704497946e-74,1.989581130222807e-72
symbol,bm25_issue_pl,same_dir,1156,0.3552965126677088,0.3193999822291122,0.035896530438596586,0.5458350295135356,1.7984518128104683e-09,5.7550458009934985e-08
symbol,bm25_issue_pl,random,1156,0.3552965126677088,0.25067535946712893,0.10462115320057985,0.6290345392176818,2.6933363744514043e-61,2.2893359182836936e-59
symbol,path_issue,bm25_seed,1156,0.3834700026368388,0.33599125176654204,0.04747875087029674,0.5556723758096765,4.738295690196271e-12,1.6584034915686949e-10
symbol,path_issue,path_seed,1156,0.3834700026368388,0.3651866451200025,0.018283357516836296,0.5200742926928558,0.008879767264407451,0.13319650896611177
symbol,path_issue,rrf_ppr_issue,1156,0.3834700026368388,0.39053800637885266,-0.007068003742013884,0.4849308108140467,0.08207891284719006,0.8207891284719006
symbol,path_issue,rrf_ppr_issue_path,1156,0.3834700026368388,0.421255742177664,-0.0377857395408252,0.4478641599118785,6.789208201406252e-21,3.2588199366750013e-19
symbol,path_issue,rrf_hops_path,1156,0.3834700026368388,0.477124617407851,-0.09365461477101222,0.382908190754421,3.746304401670596e-80,3.70884135765389e-78
symbol,path_issue,rrf_hops_issue_path,1156,0.3834700026368388,0.4581719309628022,-0.0747019283259634,0.4039586600974606,5.389179699963995e-62,4.6346945419690355e-60
symbol,path_issue,rrf_pprpl_issue_path,1156,0.3834700026368388,0.47517121846828386,-0.09170121583144508,0.3856967858382921,5.277657246196342e-92,5.541540108506159e-90
symbol,path_issue,same_dir,1156,0.3834700026368388,0.3193999822291122,0.06407002040772658,0.5796906616300093,5.128488052342187e-25,2.718098667741359e-23
symbol,path_issue,random,1156,0.3834700026368388,0.25067535946712893,0.13279464316970985,0.662844898289053,6.355927870519414e-87,6.355927870519415e-85
symbol,bm25_seed,path_seed,1156,0.33599125176654204,0.3651866451200025,-0.02919539335346044,0.46299770417020863,1.713119098639771e-07,4.625421566327382e-06
symbol,bm25_seed,rrf_ppr_issue,1156,0.33599125176654204,0.39053800637885266,-0.05454675461231062,0.42479099567773376,1.3632665949203402e-41,9.270212845458313e-40
symbol,bm25_seed,rrf_ppr_issue_path,1156,0.33599125176654204,0.421255742177664,-0.08526449041112194,0.38776138635792196,5.179810244987407e-61,4.351040605789422e-59
symbol,bm25_seed,rrf_hops_path,1156,0.33599125176654204,0.477124617407851,-0.14113336564130896,0.3227702464050958,7.592047375163679e-78,7.364285953908768e-76
symbol,bm25_seed,rrf_hops_issue_path,1156,0.33599125176654204,0.4581719309628022,-0.12218067919626013,0.3433343111313323,8.306392570081041e-88,8.389456495781852e-86
symbol,bm25_seed,rrf_pprpl_issue_path,1156,0.33599125176654204,0.47517121846828386,-0.13917996670174182,0.32583160223177404,5.187908421924998e-91,5.291666590363498e-89
symbol,bm25_seed,same_dir,1156,0.33599125176654204,0.3193999822291122,0.016591269537429842,0.5262976526861508,0.006281803764353081,0.10050886022964929
symbol,bm25_seed,random,1156,0.33599125176654204,0.25067535946712893,0.08531589229941311,0.6116799966475497,1.6836832949018722e-40,1.1280678075842544e-38
symbol,path_seed,rrf_ppr_issue,1156,0.3651866451200025,0.39053800637885266,-0.02535136125885018,0.4625023197758647,9.260438128178232e-08,2.6855270571716874e-06
symbol,path_seed,rrf_ppr_issue_path,1156,0.3651866451200025,0.421255742177664,-0.0560690970576615,0.4245781001185331,1.7298396468626243e-24,8.995166163685647e-23
symbol,path_seed,rrf_hops_path,1156,0.3651866451200025,0.477124617407851,-0.11193797228784852,0.3576783832808515,6.15190950692317e-75,5.844314031577012e-73
symbol,path_seed,rrf_hops_issue_path,1156,0.3651866451200025,0.4581719309628022,-0.09298528584279969,0.3794801606781528,5.144486695992206e-57,4.089561691090185e-55
symbol,path_seed,rrf_pprpl_issue_path,1156,0.3651866451200025,0.47517121846828386,-0.10998457334828138,0.36075133798685355,1.637810365013403e-71,1.490407432162197e-69
symbol,path_seed,same_dir,1156,0.3651866451200025,0.3193999822291122,0.045786662890890284,0.5628015708624178,1.9574109904820194e-28,1.0765760447651106e-26
symbol,path_seed,random,1156,0.3651866451200025,0.25067535946712893,0.11451128565287355,0.6494336005316029,6.489201646761762e-80,6.359417613826526e-78
symbol,rrf_ppr_issue,rrf_ppr_issue_path,1156,0.39053800637885266,0.421255742177664,-0.03071773579881132,0.4594985841884078,1.6905208390492272e-13,6.593031272291986e-12
symbol,rrf_ppr_issue,rrf_hops_path,1156,0.39053800637885266,0.477124617407851,-0.08658661102899834,0.3879821392224711,1.0258213891620115e-39,6.770421168469276e-38
symbol,rrf_ppr_issue,rrf_hops_issue_path,1156,0.39053800637885266,0.4581719309628022,-0.06763392458394951,0.41128952598747615,8.064948854547243e-47,5.726113686728543e-45
symbol,rrf_ppr_issue,rrf_pprpl_issue_path,1156,0.39053800637885266,0.47517121846828386,-0.0846332120894312,0.3917903132146407,5.111952113862731e-57,4.089561691090185e-55
symbol,rrf_ppr_issue,same_dir,1156,0.39053800637885266,0.3193999822291122,0.07113802414974046,0.6027099471989081,1.480041879233026e-31,9.02825546332146e-30
symbol,rrf_ppr_issue,random,1156,0.39053800637885266,0.25067535946712893,0.13986264691172373,0.6940866668263072,4.617792928569571e-104,5.079572221426528e-102
symbol,rrf_ppr_issue_path,rrf_hops_path,1156,0.421255742177664,0.477124617407851,-0.05586887523018702,0.4283989954622191,8.30613008722875e-29,4.6514328488481005e-27
symbol,rrf_ppr_issue_path,rrf_hops_issue_path,1156,0.421255742177664,0.4581719309628022,-0.03691618878513819,0.4520554710791299,3.422188393913173e-49,2.4981975275566165e-47
symbol,rrf_ppr_issue_path,rrf_pprpl_issue_path,1156,0.421255742177664,0.47517121846828386,-0.05391547629061988,0.4317903581135284,1.6988853640582358e-66,1.4950191203712474e-64
symbol,rrf_ppr_issue_path,same_dir,1156,0.421255742177664,0.3193999822291122,0.10185575994855178,0.6380996246452988,1.1715633318107e-56,9.13819398812346e-55
symbol,rrf_ppr_issue_path,random,1156,0.421255742177664,0.25067535946712893,0.17058038271053505,0.7281185270770225,4.695113917683135e-129,5.352429866158774e-127
symbol,rrf_hops_path,rrf_hops_issue_path,1156,0.477124617407851,0.4581719309628022,0.018952686445048827,0.5242420319440619,1.4373037848424196e-05,0.0003305798705137565
symbol,rrf_hops_path,rrf_pprpl_issue_path,1156,0.477124617407851,0.47517121846828386,0.0019533989395671414,0.5032589109325798,0.7524867688459418,1.0
symbol,rrf_hops_path,same_dir,1156,0.477124617407851,0.3193999822291122,0.1577246351787388,0.7008585415643969,1.3745718128160557e-113,1.553266148482143e-111
symbol,rrf_hops_path,random,1156,0.477124617407851,0.25067535946712893,0.22644925794072207,0.788647465906778,1.4024504339458717e-160,1.682940520735046e-158
symbol,rrf_hops_issue_path,rrf_pprpl_issue_path,1156,0.4581719309628022,0.47517121846828386,-0.016999287505481686,0.47913137115216525,2.0615870164606524e-12,7.627871960904414e-11
symbol,rrf_hops_issue_path,same_dir,1156,0.4581719309628022,0.3193999822291122,0.13877194873368998,0.681016600615414,3.50408510005303e-91,3.609207653054621e-89
symbol,rrf_hops_issue_path,random,1156,0.4581719309628022,0.25067535946712893,0.20749657149567324,0.7703717478239006,1.2789560875201364e-152,1.509168183273761e-150
symbol,rrf_pprpl_issue_path,same_dir,1156,0.47517121846828386,0.3193999822291122,0.15577123623917166,0.6979861352234769,7.059408024102421e-103,7.694754746271639e-101
symbol,rrf_pprpl_issue_path,random,1156,0.47517121846828386,0.25067535946712893,0.22449585900115493,0.7858566258785216,2.6455262911685436e-159,3.1481762864905666e-157
symbol,same_dir,random,1156,0.3193999822291122,0.25067535946712893,0.06872462276198327,0.582824978149208,5.421644010315799e-31,3.1987699660863216e-29
union_static,ppr_und,ppr_und_pl,1162,0.4432267978823587,0.4853997422784688,-0.042172944396110135,0.444747393804379,9.079392600671536e-14,3.3593752622484683e-12
union_static,ppr_und,hops_lines,1162,0.4432267978823587,0.4743552021588963,-0.031128404276537625,0.4611499847434983,3.500769262271587e-08,1.050230778681476e-06
union_static,ppr_und,pagerank,1162,0.4432267978823587,0.40434118395590257,0.03888561392645612,0.5520528141580336,5.281423328415222e-14,2.0597550980819367e-12
union_static,ppr_und,bm25_issue,1162,0.4432267978823587,0.33766988955513555,0.10555690832722314,0.6370689297638057,7.42112993177496e-46,5.194790952242472e-44
union_static,ppr_und,bm25_issue_pl,1162,0.4432267978823587,0.35535868847310403,0.08786810940925466,0.616351563124887,1.390239781496988e-34,8.619486645281326e-33
union_static,ppr_und,path_issue,1162,0.4432267978823587,0.379022267857477,0.06420453002488169,0.5844595495332696,2.8493951524694994e-18,1.2822278186112747e-16
union_static,ppr_und,bm25_seed,1162,0.4432267978823587,0.3368674501150971,0.10635934776726158,0.6404509110945873,2.91905506928355e-56,2.276862954041169e-54
union_static,ppr_und,path_seed,1162,0.4432267978823587,0.36477422438201895,0.07845257350033974,0.6059252994273627,1.573638177277496e-38,1.0386011970031474e-36
union_static,ppr_und,rrf_ppr_issue,1162,0.4432267978823587,0.3869395032120517,0.056287294670306964,0.5763506447723522,1.9009437922602535e-26,1.0075002098979344e-24
union_static,ppr_und,rrf_ppr_issue_path,1162,0.4432267978823587,0.4166249091627366,0.026601888719622102,0.5356520747361218,2.297990830167508e-06,5.744977075418769e-05
union_static,ppr_und,rrf_hops_path,1162,0.4432267978823587,0.4733056889576167,-0.03007889107525802,0.461467705096264,1.6520124563140585e-07,4.790836123310769e-06
union_static,ppr_und,rrf_hops_issue_path,1162,0.4432267978823587,0.4541047702416663,-0.010877972359307597,0.4859932723270756,0.10612036777477353,1.0
union_static,ppr_und,rrf_pprpl_issue_path,1162,0.4432267978823587,0.47011338795338803,-0.026886590071029337,0.46648679794170533,2.3983242351764925e-05,0.0005516145740905933
union_static,ppr_und,same_dir,1162,0.4432267978823587,0.31898173385566964,0.12424506402668906,0.6682525528719253,5.922724530843678e-73,5.567361058993057e-71
union_static,ppr_und,random,1162,0.4432267978823587,0.25023027730670216,0.19299652057565653,0.7595845639751038,7.301902925864775e-141,8.397188364744491e-139
union_static,ppr_und_pl,hops_lines,1162,0.4853997422784688,0.4743552021588963,0.01104454011957251,0.514070419864854,0.08401268648746668,0.9241395513621335
union_static,ppr_und_pl,pagerank,1162,0.4853997422784688,0.40434118395590257,0.08105855832256625,0.6015290569704438,1.9294781074661147e-33,1.17698164555433e-31
union_static,ppr_und_pl,bm25_issue,1162,0.4853997422784688,0.33766988955513555,0.14772985272333328,0.6786784462660083,8.442585763775213e-52,6.33193932283141e-50
union_static,ppr_und_pl,bm25_issue_pl,1162,0.4853997422784688,0.35535868847310403,0.1300410538053648,0.6582425102425933,6.595574817948307e-91,6.727486314307273e-89
union_static,ppr_und_pl,path_issue,1162,0.4853997422784688,0.379022267857477,0.10637747442099182,0.6284586341431623,2.4658229100435874e-35,1.578126662427896e-33
union_static,ppr_und_pl,bm25_seed,1162,0.4853997422784688,0.3368674501150971,0.14853229216337172,0.6812265042466399,1.525176325944191e-57,1.2201410607553527e-55
union_static,ppr_und_pl,path_seed,1162,0.4853997422784688,0.36477422438201895,0.12062551789644987,0.6488242125127014,1.4391575745666874e-61,1.2232839383816842e-59
union_static,ppr_und_pl,rrf_ppr_issue,1162,0.4853997422784688,0.3869395032120517,0.0984602390664171,0.6246315480757552,2.0689846937056138e-31,1.200011122349256e-29
union_static,ppr_und_pl,rrf_ppr_issue_path,1162,0.4853997422784688,0.4166249091627366,0.06877483311573224,0.5868476364271938,5.334934022392095e-16,2.2406722894046797e-14
union_static,ppr_und_pl,rrf_hops_path,1162,0.4853997422784688,0.4733056889576167,0.012094053320852116,0.5178053003753396,0.05101206140701579,0.6631567982912052
union_static,ppr_und_pl,rrf_hops_issue_path,1162,0.4853997422784688,0.4541047702416663,0.03129497203680254,0.5408703908330642,0.00039612161577133126,0.007130189083883963
union_static,ppr_und_pl,rrf_pprpl_issue_path,1162,0.4853997422784688,0.47011338795338803,0.015286354325080798,0.5217656956816693,0.11728089759517511,1.0
union_static,ppr_und_pl,same_dir,1162,0.4853997422784688,0.31898173385566964,0.1664180084227992,0.7042430849535343,2.1043337762758926e-99,2.2305938028524462e-97
union_static,ppr_und_pl,random,1162,0.4853997422784688,0.25023027730670216,0.23516946497176666,0.7892255029461341,3.2043146744183733e-153,3.749048169069497e-151
union_static,hops_lines,pagerank,1162,0.4743552021588963,0.40434118395590257,0.07001401820299374,0.5859963088152956,7.070754054031901e-20,3.3939619459353126e-18
union_static,hops_lines,bm25_issue,1162,0.4743552021588963,0.33766988955513555,0.13668531260376077,0.6635537725033401,2.378540213572636e-51,1.7601197580437505e-49
union_static,hops_lines,bm25_issue_pl,1162,0.4743552021588963,0.35535868847310403,0.11899651368579228,0.6434203743915914,1.3290402038169224e-70,1.1961361834352301e-68
union_static,hops_lines,path_issue,1162,0.4743552021588963,0.379022267857477,0.09533293430141931,0.6138346106333374,1.1080967578225021e-32,6.648580546935012e-31
union_static,hops_lines,bm25_seed,1162,0.4743552021588963,0.3368674501150971,0.1374877520437992,0.666205145144137,5.001512099425511e-61,4.151255042523174e-59
union_static,hops_lines,path_seed,1162,0.4743552021588963,0.36477422438201895,0.10958097777687736,0.6339565293384011,3.7161246676308853e-60,3.0472222274573258e-58
union_static,hops_lines,rrf_ppr_issue,1162,0.4743552021588963,0.3869395032120517,0.08741569894684459,0.6083926312577579,8.326745578880545e-30,4.5797100683843e-28
union_static,hops_lines,rrf_ppr_issue_path,1162,0.4743552021588963,0.4166249091627366,0.05773029299615973,0.5710164236982352,8.185377825157171e-14,3.110443573559725e-12
union_static,hops_lines,rrf_hops_path,1162,0.4743552021588963,0.4733056889576167,0.001049513201279606,0.5023873462870415,0.7035667639683152,1.0
union_static,hops_lines,rrf_hops_issue_path,1162,0.4743552021588963,0.4541047702416663,0.020250431917230027,0.5253165353817532,0.01420451962733185,0.21088503625663926
union_static,hops_lines,rrf_pprpl_issue_path,1162,0.4743552021588963,0.47011338795338803,0.0042418142055082875,0.5065203029970878,0.9938418863741416,1.0
union_static,hops_lines,same_dir,1162,0.4743552021588963,0.31898173385566964,0.15537346830322668,0.6894153945509107,9.475200107719183e-102,1.0233216116336718e-99
union_static,hops_lines,random,1162,0.4743552021588963,0.25023027730670216,0.22412492485219415,0.7734676102985831,8.516123396289144e-151,9.878703139695407e-149
union_static,pagerank,bm25_issue,1162,0.40434118395590257,0.33766988955513555,0.06667129440076702,0.5854212275707206,1.0650605668898046e-18,4.899278607693101e-17
union_static,pagerank,bm25_issue_pl,1162,0.40434118395590257,0.35535868847310403,0.04898249548279854,0.5667297910599862,3.2904149805334967e-14,1.3161659922133987e-12
union_static,pagerank,path_issue,1162,0.40434118395590257,0.379022267857477,0.02531891609842557,0.5345459783565045,6.992266981952042e-05,0.0014683760662099288
union_static,pagerank,bm25_seed,1162,0.40434118395590257,0.3368674501150971,0.06747373384080546,0.5891309274471874,3.0242385518993536e-19,1.4213921193926963e-17
union_static,pagerank,path_seed,1162,0.40434118395590257,0.36477422438201895,0.03956695957388362,0.5549689537594686,1.8786573821624304e-11,6.387435099352263e-10
union_static,pagerank,rrf_ppr_issue,1162,0.40434118395590257,0.3869395032120517,0.017401680743850845,0.5222185767905652,0.00996578555067783,0.15945256881084527
union_static,pagerank,rrf_ppr_issue_path,1162,0.40434118395590257,0.4166249091627366,-0.012283725206834017,0.4831467497726336,0.21868616414702435,1.0
union_static,pagerank,rrf_hops_path,1162,0.40434118395590257,0.4733056889576167,-0.06896450500171414,0.4120533029585763,7.49018290019599e-18,3.2956804760862354e-16
union_static,pagerank,rrf_hops_issue_path,1162,0.40434118395590257,0.4541047702416663,-0.04976358628576372,0.43506506972073195,6.560623449053464e-10,2.0337932692065736e-08
union_static,pagerank,rrf_pprpl_issue_path,1162,0.40434118395590257,0.47011338795338803,-0.06577220399748546,0.4163303077073478,1.130664504162311e-16,4.8618573678979375e-15
union_static,pagerank,same_dir,1162,0.40434118395590257,0.31898173385566964,0.08535945010023294,0.6177787125882432,8.871724461186228e-35,5.589186410547324e-33
union_static,pagerank,random,1162,0.40434118395590257,0.25023027730670216,0.1541109066492004,0.7077731876608968,1.8610125127347507e-112,2.0843340142629208e-110
union_static,bm25_issue,bm25_issue_pl,1162,0.33766988955513555,0.35535868847310403,-0.017688798917968485,0.48447169548614927,0.13720684424248147,1.0
union_static,bm25_issue,path_issue,1162,0.33766988955513555,0.379022267857477,-0.04135237830234145,0.451959793933541,5.3929183357221846e-11,1.7796630507883209e-09
union_static,bm25_issue,bm25_seed,1162,0.33766988955513555,0.3368674501150971,0.0008024394400384383,0.5043362532994037,0.5720991854350543,1.0
union_static,bm25_issue,path_seed,1162,0.33766988955513555,0.36477422438201895,-0.027104334826883403,0.4695825347122446,0.0002804632087070547,0.005328800965434039
union_static,bm25_issue,rrf_ppr_issue,1162,0.33766988955513555,0.3869395032120517,-0.04926961365691618,0.43336870965544005,2.0541466536172707e-45,1.4173611909959169e-43
union_static,bm25_issue,rrf_ppr_issue_path,1162,0.33766988955513555,0.4166249091627366,-0.07895501960760104,0.3963117036624491,7.987693213475245e-73,7.428554688531977e-71
union_static,bm25_issue,rrf_hops_path,1162,0.33766988955513555,0.4733056889576167,-0.13563579940248116,0.3301836556948225,1.9281950136348993e-71,1.7546574624077585e-69
union_static,bm25_issue,rrf_hops_issue_path,1162,0.33766988955513555,0.4541047702416663,-0.11643488068653074,0.3508921350511463,1.573540967385085e-99,1.683688835102041e-97
union_static,bm25_issue,rrf_pprpl_issue_path,1162,0.33766988955513555,0.47011338795338803,-0.13244349839825248,0.33391150043992046,8.908742885292327e-107,9.799617173821559e-105
union_static,bm25_issue,same_dir,1162,0.33766988955513555,0.31898173385566964,0.018688155699465914,0.5331902974573485,0.00012147111062457585,0.002429422212491517
union_static,bm25_issue,random,1162,0.33766988955513555,0.25023027730670216,0.08743961224843338,0.6200186781055869,7.579628029912739e-47,5.3815359012380446e-45
union_static,bm25_issue_pl,path_issue,1162,0.35535868847310403,0.379022267857477,-0.023663579384372968,0.4688815502975759,3.0417490396317904e-05,0.000669184788718994
union_static,bm25_issue_pl,bm25_seed,1162,0.35535868847310403,0.3368674501150971,0.018491238358006923,0.5194350058211702,0.059749342253072116,0.7169921070368654
union_static,bm25_issue_pl,path_seed,1162,0.35535868847310403,0.36477422438201895,-0.009415535908914918,0.48631950965899495,0.12543055261665778,1.0
union_static,bm25_issue_pl,rrf_ppr_issue,1162,0.35535868847310403,0.3869395032120517,-0.03158081473894769,0.4520271891598851,5.778020652802318e-07,1.560065576256626e-05
union_static,bm25_issue_pl,rrf_ppr_issue_path,1162,0.35535868847310403,0.4166249091627366,-0.061266220689632556,0.4161951469512177,2.3046536198663694e-20,1.129280273734521e-18
union_static,bm25_issue_pl,rrf_hops_path,1162,0.35535868847310403,0.4733056889576167,-0.11794700048451268,0.35160311765873425,9.332071768699009e-73,8.585506027203088e-71
union_static,bm25_issue_pl,rrf_hops_issue_path,1162,0.35535868847310403,0.4541047702416663,-0.09874608176856225,0.37192574082906493,3.4326121991653324e-51,2.5058069053906928e-49
union_static,bm25_issue_pl,rrf_pprpl_issue_path,1162,0.35535868847310403,0.47011338795338803,-0.114754699480284,0.35537762063745515,2.476458439005406e-73,2.3526355170551355e-71
union_static,bm25_issue_pl,same_dir,1162,0.35535868847310403,0.31898173385566964,0.0363769546174344,0.5471429608278208,5.478408967655813e-10,1.7530908696498603e-08
union_static,bm25_issue_pl,random,1162,0.35535868847310403,0.25023027730670216,0.10512841116640187,0.63094448114563,2.9831435560779545e-64,2.5655034582270407e-62
union_static,path_issue,bm25_seed,1162,0.379022267857477,0.3368674501150971,0.04215481774237989,0.5517524980670161,1.30009202552603e-11,4.550322089341105e-10
union_static,path_issue,path_seed,1162,0.379022267857477,0.36477422438201895,0.01424804347545805,0.5179115774630363,0.014059002417109284,0.21088503625663926
union_static,path_issue,rrf_ppr_issue,1162,0.379022267857477,0.3869395032120517,-0.007917235354574725,0.48486458743752986,0.12267592405036572,1.0
union_static,path_issue,rrf_ppr_issue_path,1162,0.379022267857477,0.4166249091627366,-0.03760264130525959,0.44849819736284696,2.0784396679347595e-21,1.0392198339673798e-19
union_static,path_issue,rrf_hops_path,1162,0.379022267857477,0.4733056889576167,-0.09428342110013971,0.38204094963576957,1.8683517798306648e-85,1.8496682620323583e-83
union_static,path_issue,rrf_hops_issue_path,1162,0.379022267857477,0.4541047702416663,-0.07508250238418929,0.40313417426776194,3.273213897680734e-67,2.8476960909822386e-65
union_static,path_issue,rrf_pprpl_issue_path,1162,0.379022267857477,0.47011338795338803,-0.09109112009591103,0.38548958558601265,7.613476839061275e-96,7.994150681014339e-94
union_static,path_issue,same_dir,1162,0.379022267857477,0.31898173385566964,0.060040534001807366,0.5782088274415588,6.120445979238787e-25,3.182631909204169e-23
union_static,path_issue,random,1162,0.379022267857477,0.25023027730670216,0.12879199055077484,0.6629001869291773,1.232890009623131e-90,1.2452189097193624e-88
union_static,bm25_seed,path_seed,1162,0.3368674501150971,0.36477422438201895,-0.02790677426692184,0.465577332689499,2.2883529695999349e-07,6.407388314879818e-06
union_static,bm25_seed,rrf_ppr_issue,1162,0.3368674501150971,0.3869395032120517,-0.050072053096954616,0.4290772630724521,1.0246612773942464e-37,6.660298303062602e-36
union_static,bm25_seed,rrf_ppr_issue_path,1162,0.3368674501150971,0.4166249091627366,-0.07975745904763948,0.39260681773072126,9.306477448056845e-60,7.538246732926045e-58
union_static,bm25_seed,rrf_hops_path,1162,0.3368674501150971,0.4733056889576167,-0.1364382388425196,0.3275078430268899,5.166534756055328e-79,5.0115387133736676e-77
union_static,bm25_seed,rrf_hops_issue_path,1162,0.3368674501150971,0.4541047702416663,-0.11723732012656918,0.3477123393993975,4.294866116226991e-89,4.294866116226991e-87
union_static,bm25_seed,rrf_pprpl_issue_path,1162,0.3368674501150971,0.47011338795338803,-0.13324593783829092,0.3312045822829059,1.9895370297362305e-91,2.0691185109256797e-89
union_static,bm25_seed,same_dir,1162,0.3368674501150971,0.31898173385566964,0.017885716259427475,0.5288844090401439,0.0025398639285914063,0.04317768678605391
union_static,bm25_seed,random,1162,0.3368674501150971,0.25023027730670216,0.08663717280839495,0.6148029541327344,2.4504344747656427e-44,1.666295442840637e-42
union_static,path_seed,rrf_ppr_issue,1162,0.36477422438201895,0.3869395032120517,-0.022165278830032775,0.4647378547877273,9.578691871623598e-07,2.4904598866221354e-05
union_static,path_seed,rrf_ppr_issue_path,1162,0.36477422438201895,0.4166249091627366,-0.05185068478071764,0.42817668510284074,2.287185988235008e-23,1.166464853999854e-21
union_static,path_seed,rrf_hops_path,1162,0.36477422438201895,0.4733056889576167,-0.10853146457559776,0.36097327594123735,6.118673378842048e-75,5.873926443688365e-73
union_static,path_seed,rrf_hops_issue_path,1162,0.36477422438201895,0.4541047702416663,-0.08933054585964734,0.38218684919170165,2.1187808178818564e-56,1.6738368461266666e-54
union_static,path_seed,rrf_pprpl_issue_path,1162,0.36477422438201895,0.47011338795338803,-0.10533916357136908,0.3644448707048504,1.8527178510970436e-70,1.6489188874763687e-68
union_static,path_seed,same_dir,1162,0.36477422438201895,0.31898173385566964,0.045792490526349316,0.5625816519088401,3.1497829861998263e-29,1.7008828125479063e-27
union_static,path_seed,random,1162,0.36477422438201895,0.25023027730670216,0.11454394707531679,0.6494318804601243,3.6725510697793167e-82,3.59910004838373e-80
union_static,rrf_ppr_issue,rrf_ppr_issue_path,1162,0.3869395032120517,0.4166249091627366,-0.029685405950684862,0.46019163943702024,3.4694303222988476e-15,1.4224664321425276e-13
union_static,rrf_ppr_issue,rrf_hops_path,1162,0.3869395032120517,0.4733056889576167,-0.08636618574556498,0.387800649364115,7.096702319403368e-43,4.754790554000256e-41
union_static,rrf_ppr_issue,rrf_hops_issue_path,1162,0.3869395032120517,0.4541047702416663,-0.06716526702961456,0.4109997896676453,6.00795447744085e-51,4.325727223757412e-49
union_static,rrf_ppr_issue,rrf_pprpl_issue_path,1162,0.3869395032120517,0.47011338795338803,-0.0831738847413363,0.39246758363673534,1.9595252951672344e-61,1.6460012479404768e-59
union_static,rrf_ppr_issue,same_dir,1162,0.3869395032120517,0.31898173385566964,0.06795776935638209,0.6011002455852424,1.1191458257212068e-30,6.267216624038759e-29
union_static,rrf_ppr_issue,random,1162,0.3869395032120517,0.25023027730670216,0.13670922590534956,0.6933528310438707,1.3878329776580087e-107,1.5404946052003896e-105
union_static,rrf_ppr_issue_path,rrf_hops_path,1162,0.4166249091627366,0.4733056889576167,-0.05668077979488012,0.42720723069311917,2.4803675335110045e-31,1.4138094941012725e-29
union_static,rrf_ppr_issue_path,rrf_hops_issue_path,1162,0.4166249091627366,0.4541047702416663,-0.0374798610789297,0.4508488836091848,8.737746413699267e-53,6.640687274411442e-51
union_static,rrf_ppr_issue_path,rrf_pprpl_issue_path,1162,0.4166249091627366,0.47011338795338803,-0.05348847879065144,0.4315116378965579,1.1236141770298702e-69,9.887804757862858e-68
union_static,rrf_ppr_issue_path,same_dir,1162,0.4166249091627366,0.31898173385566964,0.09764317530706695,0.635389973960262,3.5560347883662523e-56,2.738146787042014e-54
union_static,rrf_ppr_issue_path,random,1162,0.4166249091627366,0.25023027730670216,0.16639463185603443,0.7267827148278385,6.974511084481697e-134,7.950942636309135e-132
union_static,rrf_hops_path,rrf_hops_issue_path,1162,0.4733056889576167,0.4541047702416663,0.01920091871595042,0.5243389342963198,6.219316706987225e-06,0.0001492636009676934
union_static,rrf_hops_path,rrf_pprpl_issue_path,1162,0.4733056889576167,0.47011338795338803,0.0031923010042286815,0.5044891886207233,0.5463957212117591,1.0
union_static,rrf_hops_path,same_dir,1162,0.4733056889576167,0.31898173385566964,0.15432395510194707,0.6981386327211971,1.6333518552100667e-114,1.8456875963873754e-112
union_static,rrf_hops_path,random,1162,0.4733056889576167,0.25023027730670216,0.22307541165091455,0.7868877773202472,3.0187976462791154e-165,3.6225571755349386e-163
union_static,rrf_hops_issue_path,rrf_pprpl_issue_path,1162,0.4541047702416663,0.47011338795338803,-0.01600861771172174,0.48013025793856523,8.799209790769985e-12,3.1677155246771945e-10
union_static,rrf_hops_issue_path,same_dir,1162,0.4541047702416663,0.31898173385566964,0.13512303638599665,0.6789446944404123,4.5966361579908907e-91,4.734535242730617e-89
union_static,rrf_hops_issue_path,random,1162,0.4541047702416663,0.25023027730670216,0.20387449293496412,0.7694042706355295,1.0732591480217792e-156,1.2664457946656994e-154
union_static,rrf_pprpl_issue_path,same_dir,1162,0.47011338795338803,0.31898173385566964,0.1511316540977184,0.695141396666084,4.194119565911576e-102,4.571590326843618e-100
union_static,rrf_pprpl_issue_path,random,1162,0.47011338795338803,0.25023027730670216,0.21988311064668586,0.7840719899514459,1.156999376395133e-163,1.3768292579102082e-161
union_static,same_dir,random,1162,0.31898173385566964,0.25023027730670216,0.06875145654896747,0.583165709308836,5.904855463000325e-32,3.483864723170192e-30
