source,method,family,n_pr,auc,ci_lo,ci_hi,rank
co_edited,oracle,reference,708,0.7734787659178549,0.7498087732947746,0.7959524649721131,1
co_edited,rrf_pprpl_issue_path,fusion,708,0.48582589285714284,0.4550101464053588,0.5167929490536837,2
co_edited,rrf_hops_issue_path,fusion,708,0.47952449145069204,0.4479512969677803,0.5102800944720636,3
co_edited,rrf_hops_path,fusion,708,0.45711705134816016,0.42508781298568865,0.48861678720252666,4
co_edited,rrf_ppr_issue_path,fusion,708,0.4445339590246017,0.4138339858082993,0.47501182068976233,5
co_edited,path_issue,lexical,708,0.4342253964517383,0.4052364555343224,0.4646219310719656,6
co_edited,bm25_issue,lexical,708,0.4072061222087705,0.37880941646064564,0.4349810865134722,7
co_edited,bm25_seed,lexical,708,0.39307755470361405,0.3617402098637894,0.4246866482785785,8
co_edited,rrf_ppr_issue,fusion,708,0.39305144531133235,0.36258788982146295,0.4248421114687592,9
co_edited,hops_lines,structure,708,0.3889406639539054,0.35439179056208375,0.4232821128231048,10
co_edited,ppr_und_pl,structure,708,0.37141511972020447,0.3375787042274011,0.40349142058647786,11
co_edited,path_seed,lexical,708,0.3706677558813858,0.33763357958429124,0.40378746066363513,12
co_edited,bfs_und,structure,708,0.36209752301736764,0.3295015381974533,0.39471884874706054,13
co_edited,ppr_und,structure,708,0.3573817183810122,0.3247438360479855,0.3905583814508631,14
co_edited,bm25_issue_pl,lexical,708,0.35404132757151824,0.3180901443717646,0.3889443097537998,15
co_edited,same_dir,reference,708,0.3287003407766119,0.29773279105780537,0.36040628422975207,16
co_edited,ppr_out_pl,structure,708,0.32679601324993274,0.2957273678032392,0.3577928950737872,17
co_edited,ppr_out,structure,708,0.3124159268227065,0.28192810445214367,0.3436725455212987,18
co_edited,ppr_in_pl,structure,708,0.31048868935521473,0.2789746568022415,0.34115431454084383,19
co_edited,ppr_in,structure,708,0.30788237415179504,0.27784678205648544,0.33917218206032623,20
co_edited,pagerank,global,708,0.27113405841778015,0.23985828864260328,0.3014519868978574,21
co_edited,indegree,global,708,0.2706114034989388,0.24003657389964037,0.3010505624730348,22
co_edited,random,reference,708,0.2482625577302484,0.2196210698653565,0.277265045215763,23
symbol,oracle,reference,1156,0.7930416975089866,0.7715268100761908,0.8131448292038649,1
symbol,ppr_out_pl,structure,1156,0.4906277821205256,0.4634891910804214,0.5172992206115956,2
symbol,ppr_und_pl,structure,1156,0.48932899880616615,0.46012651652273817,0.5174073748503332,3
symbol,hops_lines,structure,1156,0.47674197454971573,0.4470904839639413,0.5050134596531638,4
symbol,rrf_hops_path,fusion,1156,0.47590547495198987,0.448768488173313,0.5017913329595471,5
symbol,rrf_pprpl_issue_path,fusion,1156,0.47350017102079317,0.44529361485470653,0.501113537476068,6
symbol,ppr_out,structure,1156,0.45813890221525977,0.4299594090578345,0.48737470356093054,7
symbol,rrf_hops_issue_path,fusion,1156,0.4565513968956745,0.4286239080077705,0.48315783038624416,8
symbol,ppr_und,structure,1156,0.44568332568574975,0.4171125706091292,0.4746426251614236,9
symbol,bfs_und,structure,1156,0.4201151254017151,0.3913964022161936,0.4473938577700302,10
symbol,rrf_ppr_issue_path,fusion,1156,0.4200118632448838,0.39162814080138597,0.4478477091277093,11
symbol,pagerank,global,1156,0.40982896318498596,0.3809739908639217,0.4385443921021094,12
symbol,indegree,global,1156,0.3980633035230502,0.37079919548994106,0.42484143421721127,13
symbol,rrf_ppr_issue,fusion,1156,0.3904138190033678,0.36067917686798157,0.42079995591525027,14
symbol,path_issue,lexical,1156,0.38238263552099244,0.3520403008683382,0.4122733535788207,15
symbol,path_seed,lexical,1156,0.36485004396282167,0.33583851778454804,0.39235123472550804,16
symbol,bm25_issue_pl,lexical,1156,0.3552965126677088,0.32365157138170897,0.3861252905308552,17
symbol,bm25_issue,lexical,1156,0.3404272250723622,0.31130613965041953,0.3682011773999762,18
symbol,bm25_seed,lexical,1156,0.33602775615587943,0.30466774203146846,0.36476165378431935,19
symbol,same_dir,reference,1156,0.3197893621182504,0.28994814709495703,0.3485570692974756,20
symbol,ppr_in_pl,structure,1156,0.27672810156960187,0.2481624283565231,0.3030135620352633,21
symbol,ppr_in,structure,1156,0.26891172585068185,0.2415074723808569,0.29541375466445186,22
symbol,random,reference,1156,0.24847668681438403,0.219762886415602,0.27615412021009433,23
union_static,oracle,reference,1162,0.7893429656157402,0.7677741497461823,0.8094524174062457,1
union_static,ppr_und_pl,structure,1162,0.4853997422784688,0.4564591443948846,0.5133738981211644,2
union_static,ppr_out_pl,structure,1162,0.48439018911713544,0.45701422251151347,0.5111357257960198,3
union_static,hops_lines,structure,1162,0.4743552021588963,0.4444374262574841,0.5029330349651759,4
union_static,rrf_hops_path,fusion,1162,0.4723611406653937,0.4448046163021641,0.49825385982724485,5
union_static,rrf_pprpl_issue_path,fusion,1162,0.4687840420572092,0.4411265417334318,0.49675976580101994,6
union_static,rrf_hops_issue_path,fusion,1162,0.45290981894061044,0.4252466483015889,0.479626174452076,7
union_static,ppr_out,structure,1162,0.45264406923950823,0.42485866590809357,0.4812013516538179,8
union_static,ppr_und,structure,1162,0.4432267978823587,0.4151086775725296,0.47207421546703,9
union_static,bfs_und,structure,1162,0.41920665865169743,0.39081546737134437,0.4468465202874892,10
union_static,rrf_ppr_issue_path,fusion,1162,0.4156811885523786,0.38789683097944233,0.4434555143346798,11
union_static,pagerank,global,1162,0.4041126223817354,0.37623457328896814,0.43202472065757197,12
union_static,indegree,global,1162,0.3939293447716785,0.3674375900080818,0.4201124193500445,13
union_static,rrf_ppr_issue,fusion,1162,0.3868126565396478,0.3575908693668127,0.41608825246296927,14
union_static,path_issue,lexical,1162,0.37829819250806435,0.3483695993845992,0.40774785633542215,15
union_static,path_seed,lexical,1162,0.3646718362863319,0.335728851095044,0.39243331892549344,16
union_static,bm25_issue_pl,lexical,1162,0.35535868847310403,0.32416184799225123,0.38600143662804803,17
union_static,bm25_issue,lexical,1162,0.33766988955513555,0.30892584540919005,0.3655435090137705,18
union_static,bm25_seed,lexical,1162,0.3369007778705634,0.3050864508542974,0.3658863193615677,19
union_static,same_dir,reference,1162,0.3194450401647898,0.289628819269702,0.34773232304703333,20
union_static,ppr_in_pl,structure,1162,0.2794563233745697,0.2508698646173974,0.305718161703768,21
union_static,ppr_in,structure,1162,0.27124602592389513,0.24356606654621182,0.297742093315281,22
union_static,random,reference,1162,0.24742444852306905,0.21890539818792645,0.27519327564874163,23
